Año,Trimestre,Provincia,ADSL,Cablemodem,Fibra óptica,Wireless,Otros accesos,Total accesos,Mbps (Media de bajada),Accesos por cada 100 hogares,HASTA 512 kbps,+ 512 Kbps - 1 Mbps,+ 1 Mbps - 6 Mbps,+ 6 Mbps - 10 Mbps,+ 10 Mbps - 20 Mbps,+ 20 Mbps - 30 Mbps,+ 30 Mbps,Otras velocidades,Total velocidades
2019,1,Buenos Aires,1304507.0,2020730.0,336362.0,64.867,20.201,3746667.0,19.64,66.24,162.513,72.296,1429964.0,202.511,576.428,576.859,705769.0,6.369,3732709.0
2019,1,Capital Federal,328246.0,1030814.0,32281.0,3.978,4.281,1399600.0,24.72,109.2,74.0,7.417,283787.0,131.007,330.122,365.713,283463.0,0.0,1401583.0
2019,1,Catamarca,26912.0,4443.0,16.0,0.0,2.251,33622.0,7.96,32.19,34.0,1.708,18761.0,6.443,5.606,29.0,7.0,2.151,34739.0
2019,1,Chaco,53409.0,43555.0,1951.0,3.628,1.134,103677.0,13.44,32.64,69.0,3.801,38719.0,25.632,18.965,12.393,6368.0,1.035,106982.0
2019,1,Chubut,37302.0,23065.0,1923.0,14.443,3.045,79778.0,5.89,43.0,66.0,3.938,71077.0,6.571,787.0,74.0,165.0,0.0,82678.0
2019,1,Corrientes,55842.0,43444.0,1615.0,1.528,58.0,102487.0,12.05,35.13,10.0,6.47,38402.0,26.562,15.498,9.688,5029.0,0.0,101659.0
2019,1,Córdoba,323272.0,363959.0,19902.0,24.615,12.367,744115.0,15.73,65.52,81.0,20.403,242769.0,96.997,200.681,127.965,50716.0,6.806,746418.0
2019,1,Entre Ríos,100999.0,90253.0,12723.0,16.231,12.241,232447.0,10.66,56.79,18.0,9.217,107013.0,50.068,28.957,18.146,7619.0,12.142,233180.0
2019,1,Formosa,22570.0,7878.0,940.0,13.761,62.0,45211.0,9.83,29.68,1.11,3.023,23085.0,5.301,9.027,2.099,1654.0,0.0,45299.0
2019,1,Jujuy,33248.0,12484.0,153.0,640.0,43.622,90147.0,8.56,46.41,27.0,2.817,30727.0,7.811,4.021,30.0,1141.0,37.162,83736.0
2019,1,La Pampa,18832.0,57373.0,2891.0,9.023,1.041,89160.0,5.06,76.35,236.0,8.327,70538.0,4.466,1.061,1.354,405.0,698.0,87085.0
2019,1,La Rioja,16367.0,34984.0,12.0,252.0,41.0,51656.0,7.09,50.18,9.0,1.169,40285.0,4.088,5.216,17.0,869.0,0.0,51653.0
2019,1,Mendoza,148524.0,40205.0,5662.0,10.363,1.544,206298.0,5.74,37.66,20.0,1.786,205383.0,2.837,5.702,111.0,140.0,0.0,215979.0
2019,1,Misiones,54898.0,59214.0,465.0,426.0,7.717,122720.0,12.51,36.26,47.0,5.946,45266.0,25.89,19.111,16.552,5167.0,7.654,125633.0
2019,1,Neuquén,40747.0,55634.0,3114.0,12.51,2.372,114377.0,15.88,58.88,1.328,3.055,52360.0,1.781,21.452,17.135,11026.0,6.105,114242.0
2019,1,Río Negro,68377.0,34124.0,3994.0,9.736,4.857,121088.0,10.49,53.57,384.0,1.583,84845.0,2.037,13.615,9.567,5076.0,3.719,120826.0
2019,1,Salta,74426.0,57933.0,647.0,1.135,1.879,136020.0,10.38,40.1,49.0,4.232,59244.0,36.473,22.91,10.861,2242.0,1.0,136012.0
2019,1,San Juan,51660.0,5838.0,808.0,2.932,1.207,62445.0,5.84,31.83,22.0,229.0,62380.0,266.0,520.0,3.0,2.0,560.0,63982.0
2019,1,San Luis,11108.0,7784.0,378.0,53.097,23.968,96335.0,8.71,67.34,57.0,120.0,21380.0,53.214,345.0,6.0,2.0,23.577,98701.0
2019,1,Santa Cruz,10659.0,4615.0,382.0,6.514,2.735,24905.0,5.78,23.67,25.0,128.0,21990.0,2.731,702.0,26.0,4.0,0.0,25606.0
2019,1,Santa Fe,340038.0,340344.0,15621.0,23.215,17.86,737078.0,12.99,66.97,333.0,29.35,296798.0,122.959,153.212,74.575,36502.0,18.591,732320.0
2019,1,Santiago Del Estero,25337.0,61547.0,23.0,2.847,99.0,89853.0,6.42,37.52,39.0,3.372,62895.0,20.691,3.959,85.0,494.0,0.0,91535.0
2019,1,Tierra Del Fuego,19789.0,23549.0,1623.0,0.0,1.486,46447.0,6.34,93.38,6.0,131.0,38851.0,3.623,641.0,80.0,29.0,0.0,43361.0
2019,1,Tucumán,159215.0,11670.0,118.0,678.0,321.0,172002.0,16.57,41.63,16.0,5.188,82240.0,42.877,26.21,847.0,14839.0,0.0,172217.0
2019,2,Buenos Aires,1284658.0,2079900.0,382971.0,75.24,32.929,3855698.0,22.48,67.85,199.768,46.852,1436259.0,217.785,438.663,502.275,985767.0,43.438,3870807.0
2019,2,Capital Federal,309937.0,1061358.0,36082.0,3.962,4.281,1415620.0,30.35,110.55,74.0,1.027,281370.0,124.087,239.691,296.155,475991.0,,1418395.0
2019,2,Catamarca,25682.0,5543.0,13.0,146.0,2.251,33635.0,8.81,32.13,34.0,43.0,16631.0,8.67,6.049,34.0,10.0,2.151,33622.0
2019,2,Chaco,50765.0,47448.0,4203.0,4.727,1.591,108734.0,16.01,34.14,69.0,1.383,38488.0,26.431,16.789,15.348,9904.0,1.492,109904.0
2019,2,Chubut,37313.0,26338.0,1917.0,14.443,7.545,87556.0,6.05,46.99,66.0,3.952,69032.0,10.049,1.495,74.0,165.0,4.5,89333.0
2019,2,Corrientes,53835.0,47431.0,1701.0,2.444,6.138,111549.0,13.83,38.16,10.0,3.012,40424.0,27.774,13.114,11.928,7119.0,6.08,109461.0
2019,2,Córdoba,314768.0,388254.0,23023.0,33.847,15.236,775128.0,18.43,68.07,81.0,8.165,248427.0,100.512,157.458,170.159,76053.0,8.938,769793.0
2019,2,Entre Ríos,97081.0,91081.0,12764.0,17.369,17.529,235824.0,12.19,57.48,18.0,5.905,100687.0,52.316,23.196,24.221,10664.0,17.206,234213.0
2019,2,Formosa,21916.0,8686.0,1382.0,14.292,162.0,46438.0,10.84,30.42,1.11,349.0,26512.0,5.399,8.384,2.639,2258.0,100.0,46751.0
2019,2,Jujuy,33022.0,30742.0,274.0,812.0,21.857,86707.0,12.07,44.51,27.0,940.0,26233.0,8.441,26.7,27.0,2600.0,21.765,86733.0
2019,2,La Pampa,19471.0,52101.0,4840.0,10.789,3.004,90205.0,5.49,77.08,236.0,3.289,75406.0,5.191,1.366,1.445,629.0,2.661,90223.0
2019,2,La Rioja,15014.0,34984.0,11.0,251.0,41.0,50301.0,7.89,48.7,9.0,11.0,39819.0,4.297,4.857,13.0,1298.0,,50304.0
2019,2,Mendoza,148673.0,54027.0,6865.0,12.748,1.544,223857.0,6.03,40.75,20.0,2.522,205165.0,2.971,10.092,1.256,234.0,,222260.0
2019,2,Misiones,55373.0,64272.0,543.0,421.0,12.269,132878.0,14.5,39.15,47.0,2.226,45769.0,27.385,15.408,18.882,8129.0,12.206,130052.0
2019,2,Neuquén,43420.0,59021.0,4983.0,12.792,2.737,122953.0,17.24,63.08,302.0,3.038,61776.0,4.688,17.318,21.21,14132.0,422.0,122886.0
2019,2,Río Negro,67841.0,36527.0,4037.0,10.485,19.657,138547.0,11.63,61.09,384.0,1.354,86366.0,2.201,10.291,12.407,6907.0,18.519,138429.0
2019,2,Salta,68827.0,62343.0,725.0,1.21,9.463,142568.0,12.55,41.89,49.0,974.0,59638.0,36.923,16.961,14.059,6461.0,7.585,142650.0
2019,2,San Juan,51680.0,7425.0,1174.0,2.87,6.876,70025.0,6.12,35.6,22.0,213.0,60913.0,2.177,785.0,7.0,4.0,6.119,70240.0
2019,2,San Luis,11130.0,10298.0,347.0,57.242,38.368,117385.0,19.88,81.79,57.0,102.0,16575.0,4.964,467.0,57.236,5.0,37.977,117383.0
2019,2,Santa Cruz,10665.0,10257.0,379.0,6.514,2.735,30550.0,6.01,28.85,25.0,84.0,24861.0,3.806,1.202,28.0,4.0,,30010.0
2019,2,Santa Fe,325420.0,355140.0,18236.0,21.98,22.708,743484.0,15.07,67.42,321.0,8.427,300124.0,125.176,129.741,100.131,49865.0,22.323,736108.0
2019,2,Santiago Del Estero,24393.0,64783.0,219.0,2.759,34.6,126754.0,7.1,52.79,39.0,1.832,63268.0,21.362,3.741,108.0,1205.0,34.501,126056.0
2019,2,Tierra Del Fuego,19790.0,25527.0,651.0,0.0,1.486,47454.0,6.34,94.8,6.0,123.0,41824.0,4.241,1.573,96.0,32.0,,47895.0
2019,2,Tucumán,153121.0,12089.0,116.0,684.0,321.0,166331.0,18.53,40.14,16.0,157.0,78891.0,44.296,24.291,628.0,18394.0,,166673.0
2019,3,Buenos Aires,1277249.0,2144956.0,425386.0,85.572,27.07,3960233.0,25.68,69.36,238.92,44.648,1432722.0,222.812,260.506,483.572,1246209.0,42.294,3971683.0
2019,3,Capital Federal,300288.0,1080973.0,24900.0,3.895,31.155,1441211.0,38.71,112.65,104.0,368.0,269704.0,120.924,138.011,258.591,655108.0,0.0,1442810.0
2019,3,Catamarca,24349.0,5543.0,13.0,244.0,2.251,32400.0,9.29,30.88,34.0,43.0,14449.0,9.285,6.333,72.0,15.0,2.151,32382.0
2019,3,Chaco,50416.0,49156.0,8063.0,5.224,1.592,114451.0,19.99,35.85,69.0,1.216,32764.0,28.198,13.336,12.987,16740.0,6.917,112227.0
2019,3,Chubut,37298.0,27090.0,1917.0,15.149,7.551,89005.0,6.97,47.57,74.0,840.0,62680.0,13.033,7.171,1.24,614.0,4.5,90152.0
2019,3,Corrientes,53344.0,50230.0,1888.0,2.458,4.839,112759.0,16.7,38.49,10.0,597.0,42231.0,29.628,10.348,10.388,12674.0,4.78,110656.0
2019,3,Córdoba,307780.0,399231.0,30064.0,37.277,8.701,783053.0,23.19,68.59,83.0,5.824,240151.0,106.651,118.486,146.247,157546.0,7.353,782341.0
2019,3,Entre Ríos,94947.0,96305.0,12888.0,18.53,15.432,238102.0,14.7,57.9,19.0,4.446,99656.0,56.161,17.064,21.216,22645.0,15.107,236314.0
2019,3,Formosa,21777.0,8359.0,1476.0,14.292,162.0,46066.0,13.22,30.11,1.11,349.0,24943.0,6.049,7.117,2.262,4443.0,100.0,46373.0
2019,3,Jujuy,33110.0,35742.0,274.0,812.0,16.638,86576.0,11.97,44.32,27.0,885.0,31722.0,9.24,26.835,56.0,3671.0,16.545,88981.0
2019,3,La Pampa,19469.0,52941.0,4994.0,11.462,1.962,90828.0,5.72,77.45,237.0,3.289,75849.0,5.922,1.611,1.359,941.0,1.618,90826.0
2019,3,La Rioja,14390.0,34984.0,11.0,251.0,41.0,49677.0,8.0,47.94,9.0,10.0,38657.0,4.786,4.887,22.0,1307.0,0.0,49678.0
2019,3,Mendoza,148640.0,54312.0,6865.0,12.975,1.545,224337.0,6.11,40.74,21.0,1.269,206821.0,2.958,10.093,1.263,349.0,0.0,222774.0
2019,3,Misiones,54493.0,65872.0,829.0,419.0,12.27,133883.0,17.93,39.33,47.0,1.928,43530.0,29.375,11.256,16.107,16650.0,12.206,131099.0
2019,3,Neuquén,43347.0,60484.0,5560.0,13.512,2.518,125421.0,23.75,64.14,45.0,2.258,62909.0,4.586,9.597,16.923,28458.0,122.0,124898.0
2019,3,Río Negro,67478.0,37425.0,9739.0,10.806,18.847,144295.0,15.98,63.42,47.0,1.234,87435.0,2.348,9.779,10.176,15505.0,17.719,144243.0
2019,3,Salta,65799.0,74329.0,733.0,1.58,9.394,151835.0,14.75,44.48,49.0,900.0,43160.0,62.23,14.309,11.418,12357.0,7.515,151938.0
2019,3,San Juan,51670.0,7425.0,1227.0,7.241,5.535,73098.0,6.04,37.06,22.0,171.0,68315.0,2.245,1.267,41.0,128.0,4.779,76968.0
2019,3,San Luis,13037.0,10561.0,350.0,62.286,36.466,122700.0,19.74,85.23,57.0,100.0,18643.0,5.113,467.0,62.242,5.0,36.075,122702.0
2019,3,Santa Cruz,10663.0,17056.0,969.0,6.544,2.738,37970.0,5.02,35.63,28.0,84.0,31612.0,4.472,1.203,27.0,4.0,0.0,37430.0
2019,3,Santa Fe,319396.0,377171.0,18690.0,24.269,21.408,760934.0,18.17,68.87,640.0,8.184,242454.0,193.286,107.068,84.325,97082.0,19.537,752576.0
2019,3,Santiago Del Estero,24556.0,71198.0,219.0,2.759,34.4,133132.0,9.39,55.3,39.0,1.832,35554.0,55.172,3.612,86.0,1836.0,34.501,132632.0
2019,3,Tierra Del Fuego,19790.0,26659.0,651.0,0.0,1.487,48587.0,6.69,96.46,6.0,14.0,32133.0,4.692,1.756,82.0,226.0,9.648,48557.0
2019,3,Tucumán,150918.0,12089.0,116.0,684.0,324.0,164131.0,19.32,39.49,16.0,110.0,71043.0,47.693,24.354,843.0,20385.0,0.0,164444.0
2019,4,Buenos Aires,720011.0,2191672.0,669194.0,87.111,18.266,3686254.0,30.77,64.25,33.489,27.537,1177446.0,262.297,247.106,452.57,1465133.0,20.676,3686254.0
2019,4,Capital Federal,196938.0,1093143.0,35534.0,3.914,28.576,1358105.0,44.2,106.25,307.0,15.0,177098.0,110.218,110.852,205.81,753805.0,0.0,1358105.0
2019,4,Catamarca,22999.0,3318.0,9506.0,261.0,2.227,38311.0,24.88,36.44,63.0,0.0,9945.0,7.619,9.305,804.0,7477.0,3.098,38311.0
2019,4,Chaco,48661.0,53602.0,8831.0,5.229,1.58,117903.0,23.37,36.84,83.0,0.0,25899.0,18.959,30.902,13.516,21556.0,6.988,117903.0
2019,4,Chubut,47045.0,26977.0,1324.0,15.267,5.489,96102.0,6.99,51.15,158.0,4.0,69405.0,12.945,7.615,1.24,614.0,4.121,96102.0
2019,4,Corrientes,52525.0,51845.0,2002.0,2.458,5.004,113834.0,19.26,38.77,72.0,0.0,35055.0,20.62,27.367,9.981,15744.0,4.995,113834.0
2019,4,Córdoba,296872.0,410038.0,53335.0,37.75,8.693,806688.0,26.16,70.48,142.0,0.0,232781.0,118.232,109.33,114.111,221742.0,10.35,806688.0
2019,4,Entre Ríos,92981.0,99206.0,12875.0,18.561,15.407,239030.0,17.01,57.99,47.0,0.0,88203.0,44.511,42.962,18.976,30153.0,14.178,239030.0
2019,4,Formosa,21567.0,8684.0,1760.0,14.531,169.0,46711.0,14.53,30.47,1.127,191.0,24606.0,6.319,6.788,1.766,5671.0,243.0,46711.0
2019,4,Jujuy,32949.0,37604.0,873.0,814.0,16.641,88881.0,12.96,45.38,55.0,0.0,32920.0,9.632,26.764,102.0,5286.0,14.122,88881.0
2019,4,La Pampa,15457.0,56854.0,4942.0,11.341,1.805,90399.0,6.53,76.92,293.0,313.0,76747.0,6.9,1.951,1.287,1342.0,1.566,90399.0
2019,4,La Rioja,13738.0,34984.0,0.0,251.0,29.0,49002.0,8.0,47.14,21.0,0.0,37846.0,5.045,4.763,22.0,1305.0,0.0,49002.0
2019,4,Mendoza,96678.0,49711.0,24989.0,13.672,730.0,185780.0,7.79,33.65,746.0,9.0,145139.0,12.955,15.237,2.165,2628.0,6.901,185780.0
2019,4,Misiones,53116.0,69676.0,847.0,441.0,11.733,135813.0,20.32,39.79,71.0,0.0,39664.0,20.84,27.305,15.626,20799.0,11.508,135813.0
2019,4,Neuquén,29826.0,60970.0,10549.0,14.246,854.0,116445.0,26.02,59.36,218.0,1.0,57370.0,4.439,7.357,12.059,35001.0,0.0,116445.0
2019,4,Río Negro,49747.0,37933.0,9658.0,11.437,18.365,127140.0,17.18,55.71,114.0,0.0,71847.0,2.797,8.558,6.968,19837.0,17.019,127140.0
2019,4,Salta,63272.0,76062.0,21865.0,3.04,8.206,172445.0,19.08,50.35,149.0,1.0,42159.0,67.656,15.369,14.17,25821.0,7.12,172445.0
2019,4,San Juan,41360.0,6338.0,4931.0,7.241,5.104,64974.0,6.04,32.85,48.0,1.0,60626.0,1.594,1.292,40.0,127.0,1.246,64974.0
2019,4,San Luis,8569.0,8027.0,6.0,55.266,36.333,108201.0,20.69,74.92,105.0,0.0,11901.0,4.164,525.0,55.216,3.0,36.287,108201.0
2019,4,Santa Cruz,13264.0,15899.0,1036.0,6.8,2.371,39370.0,5.21,36.71,67.0,0.0,32368.0,4.346,2.224,7.0,8.0,350.0,39370.0
2019,4,Santa Fe,312072.0,382254.0,27464.0,26.978,20.401,769169.0,20.55,69.48,698.0,0.0,230234.0,190.664,113.527,70.998,135576.0,27.472,769169.0
2019,4,Santiago Del Estero,24682.0,71239.0,200.0,2.81,4.657,103588.0,9.79,42.92,133.0,908.0,34911.0,56.309,3.756,105.0,2449.0,5.017,103588.0
2019,4,Tierra Del Fuego,13261.0,26821.0,0.0,0.0,310.0,40392.0,7.27,79.7,11.0,0.0,23593.0,5.05,1.848,139.0,1962.0,7.789,40392.0
2019,4,Tucumán,146985.0,11012.0,39574.0,725.0,348.0,198644.0,29.87,47.65,55.0,0.0,54544.0,52.017,28.916,6.405,56707.0,0.0,198644.0
2020,1,Buenos Aires,673237.0,2210349.0,720688.0,85.443,18.334,3708051.0,45.18,64.33,38.215,36.802,1122034.0,236.421,247.977,205.78,1802583.0,28.935,3718747.0
2020,1,Capital Federal,184494.0,1097635.0,38898.0,3.911,28.556,1353494.0,58.71,105.98,264.0,312.0,169651.0,102.254,89.665,85.899,906009.0,0.0,1354054.0
2020,1,Catamarca,21945.0,3146.0,12056.0,261.0,2.227,39635.0,29.13,37.62,63.0,0.0,8838.0,7.543,9.558,408.0,10299.0,2.151,38860.0
2020,1,Chaco,46356.0,54144.0,11958.0,6.239,1.58,120277.0,25.94,37.48,308.0,928.0,23291.0,19.976,29.851,10.416,28539.0,6.917,120226.0
2020,1,Chubut,45763.0,27287.0,1324.0,16.885,5.479,96738.0,7.12,51.27,158.0,109.0,69586.0,12.957,7.756,1.24,614.0,4.5,96920.0
2020,1,Corrientes,51126.0,53231.0,2172.0,2.437,5.004,113970.0,20.54,38.73,72.0,527.0,33479.0,21.382,26.679,7.351,19467.0,4.78,113737.0
2020,1,Córdoba,286168.0,406109.0,68512.0,41.617,8.693,811099.0,29.39,70.69,142.0,5.128,217229.0,120.188,95.827,65.733,296875.0,9.802,810924.0
2020,1,Entre Ríos,90368.0,95434.0,13245.0,18.737,14.062,231846.0,19.03,56.12,130.0,4.081,72280.0,47.132,41.125,11.988,39794.0,13.762,230292.0
2020,1,Formosa,21068.0,8887.0,1800.0,14.51,169.0,46434.0,15.7,30.23,1.127,342.0,23761.0,6.5,6.564,964.0,6918.0,100.0,46276.0
2020,1,Jujuy,32066.0,38938.0,3078.0,942.0,16.641,91665.0,14.14,46.67,55.0,182.0,33120.0,9.979,26.693,166.0,7349.0,16.545,94089.0
2020,1,La Pampa,8553.0,53755.0,13821.0,11.295,1.802,89226.0,7.29,75.77,293.0,811.0,72740.0,7.199,3.029,1.342,2113.0,1.618,89145.0
2020,1,La Rioja,13076.0,34984.0,0.0,251.0,29.0,48340.0,7.96,46.35,21.0,1.0,37209.0,5.158,4.64,22.0,1294.0,0.0,48345.0
2020,1,Mendoza,91955.0,50251.0,28059.0,12.465,722.0,183452.0,8.44,33.14,58.0,40.0,140410.0,12.285,17.489,2.86,3818.0,0.0,176960.0
2020,1,Misiones,51458.0,69452.0,1220.0,460.0,10.962,133552.0,22.15,39.02,71.0,524.0,36622.0,21.271,26.433,11.581,26313.0,10.885,133700.0
2020,1,Neuquén,29305.0,65951.0,11031.0,14.711,729.0,121727.0,27.77,61.85,218.0,327.0,60152.0,5.257,7.123,5.399,43738.0,0.0,122214.0
2020,1,Río Negro,47756.0,38479.0,10381.0,11.222,18.362,126200.0,19.06,55.12,114.0,466.0,69154.0,2.93,7.857,3.199,25488.0,17.719,126927.0
2020,1,Salta,60426.0,75593.0,23025.0,4.125,7.212,170381.0,21.43,49.6,129.0,514.0,38537.0,63.714,17.991,8.625,34744.0,6.441,170695.0
2020,1,San Juan,40092.0,6448.0,5508.0,7.082,5.101,64231.0,6.04,32.39,48.0,194.0,59787.0,1.594,1.292,40.0,127.0,4.779,67861.0
2020,1,San Luis,8301.0,7612.0,5.0,58.301,36.333,110552.0,20.99,76.31,105.0,0.0,11322.0,4.164,525.0,58.258,5.0,36.075,110454.0
2020,1,Santa Cruz,12845.0,15766.0,1026.0,6.817,2.368,38822.0,6.42,35.97,67.0,11.0,27447.0,4.993,5.169,529.0,119.0,0.0,38335.0
2020,1,Santa Fe,302366.0,383673.0,35123.0,30.488,19.468,771118.0,22.42,69.52,696.0,2.994,217553.0,196.826,104.56,48.448,173823.0,17.656,762556.0
2020,1,Santiago Del Estero,24695.0,70424.0,200.0,2.779,4.657,102755.0,10.0,42.47,133.0,1.779,33086.0,56.884,3.737,135.0,2799.0,4.501,103054.0
2020,1,Tierra Del Fuego,12854.0,25632.0,0.0,0.0,308.0,38794.0,7.41,76.07,11.0,1.0,22976.0,5.024,1.834,196.0,518.0,7.046,37606.0
2020,1,Tucumán,143184.0,10494.0,44687.0,1.355,347.0,200067.0,32.25,47.85,52.0,97.0,49555.0,50.383,31.096,1.73,67536.0,0.0,200449.0
2020,2,Buenos Aires,661272.0,2244277.0,723072.0,91.736,57.189,3777546.0,45.66,65.22,37.542,31.606,1129236.0,241.336,233.132,188.995,1894466.0,21.233,3777546.0
2020,2,Capital Federal,178896.0,1106133.0,39482.0,3.937,29.373,1357821.0,60.48,106.41,264.0,312.0,166474.0,94.585,79.858,80.16,935481.0,687.0,1357821.0
2020,2,Catamarca,26968.0,3641.0,14878.0,261.0,2.228,47976.0,34.93,45.43,63.0,0.0,8801.0,8.69,10.242,426.0,16578.0,3.176,47976.0
2020,2,Chaco,46816.0,56017.0,17266.0,6.452,1.581,128132.0,27.95,39.83,308.0,928.0,24350.0,21.14,29.044,12.082,33311.0,6.969,128132.0
2020,2,Chubut,45761.0,38279.0,1324.0,17.678,5.614,108656.0,7.61,57.34,158.0,109.0,69578.0,22.188,10.537,1.473,614.0,3.999,108656.0
2020,2,Corrientes,51248.0,55536.0,3144.0,3.927,5.011,118866.0,22.15,40.3,72.0,527.0,34242.0,22.845,25.844,7.898,22418.0,5.02,118866.0
2020,2,Córdoba,282858.0,415007.0,85818.0,44.522,8.263,836468.0,30.99,72.71,168.0,4.383,219025.0,125.932,89.53,63.216,325243.0,8.971,836468.0
2020,2,Entre Ríos,89391.0,99423.0,13954.0,20.042,11.303,234113.0,20.45,56.54,130.0,3.679,66758.0,50.64,42.09,12.856,43391.0,14.569,234113.0
2020,2,Formosa,21805.0,9353.0,1882.0,14.723,169.0,47932.0,16.87,31.14,391.0,151.0,23534.0,7.109,6.998,961.0,7475.0,1.313,47932.0
2020,2,Jujuy,32705.0,38938.0,5057.0,952.0,16.664,94316.0,15.86,47.89,55.0,182.0,30548.0,10.519,26.829,209.0,9417.0,16.557,94316.0
2020,2,La Pampa,8551.0,54422.0,14232.0,11.314,1.29,89809.0,8.03,76.1,293.0,810.0,71218.0,7.531,3.8,1.657,3377.0,1.123,89809.0
2020,2,La Rioja,16885.0,34984.0,1.0,250.0,35.0,52155.0,11.67,49.84,21.0,1.0,37375.0,5.661,4.686,73.0,4336.0,2.0,52155.0
2020,2,Mendoza,91904.0,62941.0,29613.0,15.924,802.0,201184.0,9.27,36.25,58.0,40.0,142253.0,12.439,35.274,3.248,5422.0,2.45,201184.0
2020,2,Misiones,50792.0,74497.0,2579.0,3.319,9.153,140340.0,22.56,40.89,71.0,524.0,39867.0,23.719,26.445,12.305,28763.0,8.646,140340.0
2020,2,Neuquén,30256.0,67990.0,11037.0,15.755,1.134,126172.0,29.1,63.9,218.0,327.0,61171.0,6.103,6.625,5.296,46432.0,0.0,126172.0
2020,2,Río Negro,49756.0,39650.0,10382.0,11.331,18.367,129486.0,19.68,56.37,114.0,466.0,70817.0,3.335,7.498,3.246,26953.0,17.057,129486.0
2020,2,Salta,59502.0,81740.0,24289.0,5.123,7.108,177762.0,22.56,51.58,129.0,514.0,41801.0,64.463,16.989,7.741,39594.0,6.531,177762.0
2020,2,San Juan,40092.0,8275.0,5509.0,7.019,8.882,69777.0,6.31,35.09,48.0,194.0,59113.0,917.0,4.908,40.0,127.0,4.43,69777.0
2020,2,San Luis,8401.0,8357.0,6.0,60.935,36.253,113952.0,21.02,78.41,105.0,0.0,11439.0,3.585,1.934,60.889,8.0,35.992,113952.0
2020,2,Santa Cruz,12845.0,16044.0,1027.0,6.585,2.368,38869.0,6.59,35.79,66.0,0.0,26938.0,4.166,6.541,546.0,119.0,493.0,38869.0
2020,2,Santa Fe,299974.0,381679.0,46698.0,30.487,19.094,777932.0,23.93,70.0,568.0,2.061,213054.0,198.772,96.575,57.236,189473.0,20.193,777932.0
2020,2,Santiago Del Estero,25917.0,72074.0,355.0,3.038,4.063,105447.0,10.41,43.47,133.0,1.779,32557.0,57.709,5.178,247.0,3328.0,4.516,105447.0
2020,2,Tierra Del Fuego,12854.0,26025.0,0.0,0.0,310.0,39189.0,8.13,76.37,11.0,0.0,22325.0,5.186,3.034,391.0,796.0,7.446,39189.0
2020,2,Tucumán,150084.0,9833.0,55120.0,1.357,762.0,217156.0,32.7,51.78,52.0,97.0,49028.0,54.537,34.184,2.246,74377.0,2.635,217156.0
2020,3,Buenos Aires,653930.0,2384557.0,749087.0,94.162,55.541,3937277.0,48.38,67.66,37.542,31.514,1113823.0,234.71,219.772,194.248,2085815.0,19.853,3937277.0
2020,3,Capital Federal,170375.0,1129573.0,39417.0,3.936,29.374,1372675.0,63.81,107.68,264.0,312.0,162222.0,85.083,68.753,78.028,977766.0,247.0,1372675.0
2020,3,Catamarca,26868.0,3690.0,16857.0,261.0,2.228,49904.0,36.54,47.16,63.0,0.0,8276.0,8.768,11.195,562.0,18886.0,2.154,49904.0
2020,3,Chaco,45745.0,58825.0,20675.0,6.706,2.003,133954.0,30.8,41.54,308.0,112.0,24675.0,21.639,27.546,13.751,38729.0,7.194,133954.0
2020,3,Chubut,45761.0,39386.0,2897.0,23.216,18.767,130027.0,7.4,68.34,158.0,109.0,87559.0,22.114,12.217,2.818,1110.0,3.942,130027.0
2020,3,Corrientes,50858.0,58681.0,2960.0,5.513,5.379,123391.0,23.85,41.75,72.0,527.0,35190.0,23.315,25.308,8.615,25344.0,5.02,123391.0
2020,3,Córdoba,276360.0,430771.0,102217.0,48.368,9.756,867472.0,33.51,75.22,168.0,3.064,218599.0,124.833,84.236,63.823,361021.0,11.728,867472.0
2020,3,Entre Ríos,87892.0,106950.0,13954.0,20.379,12.32,241495.0,22.43,58.19,130.0,2.911,66648.0,51.478,40.797,14.377,49395.0,15.759,241495.0
2020,3,Formosa,21790.0,10003.0,2000.0,15.023,393.0,49209.0,18.28,31.91,391.0,151.0,23163.0,7.432,7.125,991.0,8219.0,1.737,49209.0
2020,3,Jujuy,32611.0,57682.0,11112.0,952.0,4.371,106728.0,21.91,54.04,55.0,182.0,32131.0,10.566,45.198,293.0,15238.0,3.065,106728.0
2020,3,La Pampa,9015.0,56845.0,14677.0,11.893,1.305,93735.0,10.7,79.26,293.0,810.0,66695.0,7.82,5.577,2.189,6322.0,4.029,93735.0
2020,3,La Rioja,17346.0,34984.0,1.0,250.0,35.0,52616.0,12.19,50.12,21.0,1.0,37105.0,5.955,4.66,124.0,4748.0,2.0,52616.0
2020,3,Mendoza,91908.0,64672.0,32817.0,17.523,868.0,207788.0,10.19,37.35,58.0,40.0,141404.0,12.123,42.433,3.448,8237.0,45.0,207788.0
2020,3,Misiones,50195.0,77989.0,2572.0,3.445,8.985,143186.0,24.14,41.6,71.0,524.0,39005.0,24.215,25.942,13.663,30987.0,8.779,143186.0
2020,3,Neuquén,30222.0,70446.0,11043.0,16.787,737.0,129235.0,31.46,65.24,218.0,327.0,60463.0,6.561,5.975,5.449,49439.0,803.0,129235.0
2020,3,Río Negro,49530.0,40001.0,10381.0,13.187,18.368,131467.0,21.08,57.05,114.0,466.0,68986.0,3.769,7.096,3.455,28488.0,19.093,131467.0
2020,3,Salta,58216.0,84128.0,25445.0,5.764,7.293,180846.0,25.26,52.32,129.0,514.0,32780.0,64.736,15.99,7.928,43773.0,14.996,180846.0
2020,3,San Juan,40092.0,9223.0,5509.0,14.023,8.48,77327.0,6.03,38.79,48.0,194.0,65526.0,711.0,6.529,41.0,128.0,4.15,77327.0
2020,3,San Luis,8401.0,10077.0,6.0,61.828,36.253,116565.0,20.85,79.96,105.0,0.0,12199.0,3.351,2.666,61.319,8.0,36.917,116565.0
2020,3,Santa Cruz,12845.0,16098.0,1027.0,6.938,2.373,39281.0,6.65,35.95,66.0,0.0,26888.0,4.015,6.73,629.0,120.0,833.0,39281.0
2020,3,Santa Fe,295051.0,405807.0,45721.0,37.112,19.307,802998.0,25.69,72.12,568.0,1.241,213353.0,199.381,92.095,58.797,210562.0,27.001,802998.0
2020,3,Santiago Del Estero,26419.0,70720.0,555.0,4.185,3.613,105492.0,10.88,43.38,133.0,909.0,33287.0,57.418,4.658,292.0,3994.0,4.801,105492.0
2020,3,Tierra Del Fuego,12854.0,26491.0,0.0,0.0,310.0,39655.0,8.51,76.81,11.0,0.0,22094.0,5.414,3.726,481.0,937.0,6.992,39655.0
2020,3,Tucumán,149605.0,11752.0,59949.0,1.808,762.0,223876.0,34.84,53.23,52.0,97.0,45913.0,54.61,33.126,3.246,84195.0,2.637,223876.0
2020,4,Buenos Aires,635651.0,2441248.0,804991.0,93.444,57.927,4033261.0,50.01,68.98,36.939,31.197,1109865.0,242.243,214.171,213.588,2176242.0,9.016,4033261.0
2020,4,Capital Federal,163060.0,1142528.0,39890.0,4.815,29.237,1379530.0,67.33,108.31,135.0,244.0,160210.0,78.123,60.208,80.269,1000073.0,268.0,1379530.0
2020,4,Catamarca,26870.0,5115.0,17856.0,322.0,2.233,52396.0,37.65,49.41,71.0,0.0,8843.0,8.74,11.436,591.0,20406.0,2.309,52396.0
2020,4,Chaco,44332.0,61200.0,23687.0,7.997,1.875,139091.0,32.45,43.03,301.0,112.0,24782.0,22.479,26.802,15.701,40949.0,7.965,139091.0
2020,4,Chubut,45703.0,39756.0,3040.0,23.363,18.712,130574.0,7.38,68.35,106.0,109.0,88157.0,21.824,12.046,2.818,1112.0,4.402,130574.0
2020,4,Corrientes,50102.0,61495.0,3146.0,5.626,5.29,125659.0,25.45,42.43,67.0,527.0,31900.0,26.321,25.687,9.383,26789.0,4.985,125659.0
2020,4,Córdoba,267396.0,439322.0,125620.0,52.827,17.536,902701.0,35.12,78.08,119.0,2.386,214963.0,135.262,82.221,70.013,384169.0,13.568,902701.0
2020,4,Entre Ríos,85683.0,113670.0,15653.0,20.206,12.169,247381.0,24.05,59.47,105.0,2.911,65659.0,53.556,40.755,16.6,53141.0,14.654,247381.0
2020,4,Formosa,21264.0,10789.0,2432.0,15.341,380.0,50206.0,19.7,32.49,56.0,0.0,23540.0,7.606,7.181,1.197,8946.0,1.68,50206.0
2020,4,Jujuy,32850.0,52815.0,15639.0,1.077,3.47,105851.0,25.21,53.46,49.0,182.0,23772.0,14.379,44.93,446.0,19282.0,2.811,105851.0
2020,4,La Pampa,9009.0,58945.0,15432.0,12.194,1.315,96895.0,9.88,81.77,298.0,554.0,70184.0,8.124,6.562,2.396,6257.0,2.52,96895.0
2020,4,La Rioja,17513.0,34984.0,1.0,250.0,30.0,52778.0,12.53,50.11,18.0,1.0,36906.0,6.06,4.633,181.0,4979.0,0.0,52778.0
2020,4,Mendoza,91842.0,68364.0,36083.0,18.331,833.0,215453.0,11.09,38.63,28.0,40.0,146312.0,11.172,40.396,3.378,11557.0,2.57,215453.0
2020,4,Misiones,49462.0,79855.0,6589.0,4.359,6.896,147161.0,24.96,42.64,51.0,524.0,39988.0,26.078,26.445,14.81,32264.0,7.001,147161.0
2020,4,Neuquén,30468.0,70614.0,13732.0,17.689,632.0,133135.0,33.91,67.0,116.0,327.0,56434.0,8.478,5.791,5.493,50776.0,5.72,133135.0
2020,4,Río Negro,48991.0,42022.0,17826.0,13.994,18.377,141210.0,21.64,61.09,125.0,466.0,70305.0,4.153,13.131,3.512,29372.0,20.146,141210.0
2020,4,Salta,56659.0,87817.0,30604.0,5.858,6.452,187390.0,25.32,54.04,109.0,514.0,41443.0,68.829,15.188,8.291,46697.0,6.319,187390.0
2020,4,San Juan,40072.0,7004.0,6599.0,10.468,8.453,72596.0,6.41,36.32,25.0,194.0,61316.0,740.0,5.126,332.0,275.0,4.588,72596.0
2020,4,San Luis,8417.0,11767.0,27.0,63.019,36.205,119435.0,21.25,81.68,58.0,0.0,14020.0,3.49,2.688,62.239,22.0,36.918,119435.0
2020,4,Santa Cruz,12347.0,19657.0,1041.0,4.659,2.97,40674.0,7.49,37.0,47.0,0.0,27173.0,4.382,6.634,1.033,647.0,758.0,40674.0
2020,4,Santa Fe,287271.0,414746.0,62692.0,38.712,17.392,820813.0,27.29,73.58,518.0,891.0,206372.0,203.793,94.246,65.145,226246.0,23.602,820813.0
2020,4,Santiago Del Estero,26812.0,70522.0,570.0,5.169,3.596,106669.0,11.28,43.75,123.0,909.0,34518.0,57.59,4.666,411.0,4520.0,3.932,106669.0
2020,4,Tierra Del Fuego,12853.0,26439.0,6.0,0.0,316.0,39614.0,8.49,76.27,17.0,0.0,21881.0,6.119,3.497,488.0,922.0,6.69,39614.0
2020,4,Tucumán,149322.0,11150.0,68043.0,1.834,740.0,231089.0,36.44,54.78,29.0,97.0,44095.0,54.334,32.155,4.105,93594.0,2.68,231089.0
2021,1,Buenos Aires,629679.0,2452056.0,821597.0,98.806,57.864,4060002.0,50.79,69.11,36.939,31.187,1108368.0,240.52,163.747,222.061,2246313.0,10.867,4060002.0
2021,1,Capital Federal,159805.0,1145093.0,39980.0,5.559,29.236,1379673.0,68.29,108.42,135.0,244.0,159662.0,76.753,56.457,83.255,1003041.0,126.0,1379673.0
2021,1,Catamarca,26316.0,4409.0,18688.0,322.0,2.233,51968.0,39.97,48.9,71.0,0.0,7423.0,8.455,10.115,712.0,22996.0,2.196,51968.0
2021,1,Chaco,43214.0,61251.0,25426.0,8.004,1.875,139770.0,33.63,43.14,301.0,112.0,24357.0,22.102,27.556,14.496,42462.0,8.384,139770.0
2021,1,Chubut,45501.0,40960.0,3444.0,23.723,18.712,132340.0,7.53,68.99,106.0,109.0,86986.0,21.401,15.392,2.844,1112.0,4.39,132340.0
2021,1,Corrientes,49160.0,62876.0,3337.0,5.949,5.303,126625.0,25.99,42.66,67.0,527.0,31544.0,26.223,26.169,9.001,27641.0,5.453,126625.0
2021,1,Córdoba,260350.0,444695.0,134634.0,54.137,17.065,910881.0,36.17,78.59,93.0,2.386,211799.0,135.092,74.659,71.984,402191.0,12.677,910881.0
2021,1,Entre Ríos,83688.0,118424.0,16846.0,20.836,12.169,251963.0,23.87,60.44,105.0,2.911,67255.0,56.06,42.432,15.774,54600.0,12.826,251963.0
2021,1,Formosa,20663.0,11412.0,2562.0,15.669,380.0,50686.0,20.98,32.73,56.0,0.0,22409.0,7.569,7.916,1.215,9579.0,1.942,50686.0
2021,1,Jujuy,32254.0,54324.0,17322.0,2.677,3.879,110456.0,26.78,55.63,49.0,175.0,23735.0,17.293,40.649,568.0,25609.0,2.378,110456.0
2021,1,La Pampa,8946.0,58711.0,15779.0,12.369,1.3,97105.0,10.73,81.78,298.0,554.0,68200.0,7.864,7.611,2.786,7368.0,2.424,97105.0
2021,1,La Rioja,17363.0,34984.0,1.0,250.0,30.0,52628.0,12.7,49.81,18.0,1.0,36749.0,5.968,4.604,215.0,5074.0,-1.0,52628.0
2021,1,Mendoza,91844.0,69295.0,38619.0,18.332,833.0,218923.0,12.6,39.15,28.0,40.0,134386.0,11.216,52.533,4.061,16615.0,44.0,218923.0
2021,1,Misiones,48292.0,82339.0,7064.0,4.796,6.896,149387.0,25.08,43.17,51.0,524.0,40949.0,25.503,27.101,14.05,32953.0,8.256,149387.0
2021,1,Neuquén,30223.0,70457.0,14171.0,17.752,632.0,133235.0,34.24,66.84,116.0,327.0,56171.0,8.443,5.903,5.677,50840.0,5.758,133235.0
2021,1,Río Negro,48777.0,42192.0,17828.0,13.994,18.377,141168.0,21.92,60.88,125.0,466.0,70011.0,4.187,13.045,3.642,29589.0,20.103,141168.0
2021,1,Salta,54768.0,89187.0,31498.0,5.669,6.452,187574.0,27.32,53.93,109.0,20.0,40785.0,68.149,9.164,8.139,54889.0,6.319,187574.0
2021,1,San Juan,40072.0,11589.0,6671.0,11.482,8.453,78267.0,6.91,39.06,25.0,194.0,60439.0,858.0,11.494,340.0,276.0,4.641,78267.0
2021,1,San Luis,8417.0,10678.0,28.0,63.826,36.205,119154.0,21.59,81.24,58.0,0.0,11889.0,2.926,4.429,62.913,22.0,36.917,119154.0
2021,1,Santa Cruz,12347.0,23089.0,5975.0,4.264,390.0,46065.0,7.5,41.65,50.0,0.0,30655.0,8.334,6.987,1.337,647.0,-1.945,46065.0
2021,1,Santa Fe,277012.0,421480.0,70976.0,39.14,17.519,826127.0,28.13,73.92,518.0,891.0,201632.0,204.458,91.846,65.476,236924.0,24.382,826127.0
2021,1,Santiago Del Estero,26468.0,75849.0,570.0,5.158,3.596,111641.0,11.58,45.67,123.0,909.0,33884.0,58.464,8.549,700.0,4868.0,4.144,111641.0
2021,1,Tierra Del Fuego,12853.0,27247.0,6.0,0.0,316.0,40422.0,8.73,77.35,17.0,0.0,21379.0,1.468,4.317,486.0,919.0,11.836,40422.0
2021,1,Tucumán,147199.0,12185.0,69954.0,1.834,740.0,231912.0,37.98,54.82,29.0,97.0,42810.0,53.416,25.255,4.188,103437.0,2.68,231912.0
2021,2,Buenos Aires,603255.0,2503830.0,854173.0,113.546,57.547,4132351.0,52.76,70.0,37.192,31.178,1096049.0,244.001,140.322,236.897,2337604.0,9.108,4132351.0
2021,2,Capital Federal,148989.0,1175097.0,41318.0,5.58,29.371,1400355.0,72.75,110.14,294.0,603.0,157558.0,73.568,43.859,86.655,1037752.0,66.0,1400355.0
2021,2,Catamarca,20305.0,9426.0,22331.0,1.449,2.233,55744.0,42.19,52.34,71.0,0.0,7219.0,9.091,6.828,4.941,25388.0,2.206,55744.0
2021,2,Chaco,39826.0,62948.0,27584.0,8.018,2.353,140729.0,37.4,43.33,301.0,112.0,23444.0,21.574,24.032,16.069,47239.0,7.958,140729.0
2021,2,Chubut,49271.0,41497.0,6081.0,23.682,18.706,139237.0,7.68,72.29,104.0,105.0,89639.0,22.605,16.604,3.896,1112.0,5.172,139237.0
2021,2,Corrientes,46648.0,67262.0,3731.0,6.557,5.303,129501.0,30.37,43.54,67.0,645.0,29419.0,27.037,24.524,10.059,32697.0,5.053,129501.0
2021,2,Córdoba,239780.0,467782.0,151855.0,55.944,15.519,930880.0,39.59,80.12,99.0,2.452,201757.0,136.516,66.95,70.824,442357.0,9.925,930880.0
2021,2,Entre Ríos,77836.0,124957.0,17856.0,23.786,13.197,257632.0,27.62,61.66,107.0,3.024,63518.0,55.349,39.468,18.484,61605.0,16.077,257632.0
2021,2,Formosa,19571.0,12509.0,3610.0,15.69,171.0,51551.0,23.97,33.23,381.0,0.0,22364.0,7.31,7.46,1.341,11077.0,1.618,51551.0
2021,2,Jujuy,24738.0,60800.0,19611.0,2.731,3.968,111848.0,25.81,56.18,48.0,175.0,24182.0,16.577,37.908,607.0,29950.0,2.401,111848.0
2021,2,La Pampa,9017.0,57014.0,17132.0,13.209,1.295,97667.0,12.28,82.08,298.0,554.0,64146.0,7.769,8.128,3.399,9311.0,4.062,97667.0
2021,2,La Rioja,11627.0,54255.0,9445.0,6.245,30.0,81602.0,38.53,76.98,18.0,1.0,5312.0,5.971,23.298,4.825,42158.0,19.0,81602.0
2021,2,Mendoza,91503.0,70834.0,44696.0,21.811,827.0,229671.0,13.47,40.97,36.0,31.0,137462.0,10.886,56.117,4.403,20686.0,50.0,229671.0
2021,2,Misiones,44960.0,87861.0,10376.0,5.317,7.662,156176.0,28.68,45.01,51.0,5.0,41643.0,25.907,25.811,16.172,38308.0,8.279,156176.0
2021,2,Neuquén,30083.0,72690.0,15619.0,19.218,640.0,138250.0,36.11,69.14,112.0,327.0,57713.0,8.631,5.871,5.943,54008.0,5.645,138250.0
2021,2,Río Negro,48189.0,43761.0,18727.0,15.031,18.376,144084.0,23.75,61.94,125.0,557.0,69356.0,3.663,15.019,3.867,31488.0,20.009,144084.0
2021,2,Salta,51396.0,96016.0,32050.0,5.724,6.453,191639.0,29.24,54.93,101.0,20.0,42543.0,67.012,7.099,9.654,58882.0,6.328,191639.0
2021,2,San Juan,40072.0,12369.0,6673.0,11.372,8.447,78933.0,6.99,39.28,18.0,333.0,59989.0,784.0,12.55,340.0,278.0,4.641,78933.0
2021,2,San Luis,8417.0,11308.0,28.0,66.86,36.205,122818.0,21.66,83.48,60.0,0.0,11752.0,2.703,5.418,65.946,22.0,36.917,122818.0
2021,2,Santa Cruz,12347.0,22967.0,6328.0,4.269,3.071,48982.0,7.63,44.01,50.0,0.0,30595.0,8.463,6.888,1.575,676.0,735.0,48982.0
2021,2,Santa Fe,256741.0,431915.0,90424.0,43.997,17.523,840600.0,30.7,75.07,467.0,896.0,202018.0,204.077,80.452,75.195,262124.0,15.371,840600.0
2021,2,Santiago Del Estero,20734.0,83770.0,909.0,5.081,3.596,114090.0,12.72,46.56,123.0,909.0,32034.0,62.224,10.359,811.0,6064.0,1.566,114090.0
2021,2,Tierra Del Fuego,12853.0,22504.0,6.0,14.0,316.0,35693.0,8.59,67.89,17.0,0.0,21335.0,6.913,4.58,476.0,889.0,1.483,35693.0
2021,2,Tucumán,110429.0,48359.0,71683.0,1.837,743.0,233051.0,40.31,54.93,32.0,97.0,40224.0,51.648,23.732,5.022,109616.0,2.68,233051.0
2021,3,Buenos Aires,585729.0,2595485.0,885613.0,120.228,64.554,4251609.0,56.26,71.68,37.193,31.149,1108940.0,248.153,141.383,192.797,2482266.0,9.728,4251609.0
2021,3,Capital Federal,142902.0,1192107.0,42966.0,6.059,29.371,1413405.0,77.71,111.27,295.0,603.0,156978.0,67.013,39.785,73.502,1075229.0,0.0,1413405.0
2021,3,Catamarca,18413.0,11709.0,22331.0,1.568,2.233,56254.0,43.43,52.71,71.0,0.0,6755.0,8.428,10.517,1.659,26618.0,2.206,56254.0
2021,3,Chaco,38258.0,63659.0,27583.0,8.018,2.353,139871.0,39.11,42.96,301.0,112.0,22545.0,20.986,23.852,14.412,49705.0,7.958,139871.0
2021,3,Chubut,49269.0,55794.0,8946.0,23.376,18.681,156066.0,8.18,80.71,104.0,105.0,89168.0,26.281,18.538,5.32,1643.0,14.907,156066.0
2021,3,Corrientes,44805.0,69403.0,7542.0,6.766,5.303,133819.0,32.17,44.9,67.0,645.0,29629.0,28.478,24.792,9.687,35468.0,5.053,133819.0
2021,3,Córdoba,229275.0,477223.0,167495.0,57.617,15.178,946788.0,41.93,81.28,99.0,2.452,204989.0,141.285,65.05,47.198,476459.0,9.256,946788.0
2021,3,Entre Ríos,74443.0,128752.0,20485.0,23.5,13.195,260375.0,29.6,62.18,107.0,3.024,61354.0,59.776,39.114,16.284,67961.0,12.755,260375.0
2021,3,Formosa,18093.0,14111.0,4730.0,15.69,171.0,52795.0,26.69,33.96,381.0,0.0,22778.0,7.142,6.978,1.192,12707.0,1.617,52795.0
2021,3,Jujuy,23554.0,60758.0,19926.0,2.952,3.968,111158.0,25.98,55.69,48.0,175.0,23884.0,16.417,37.755,561.0,29917.0,2.401,111158.0
2021,3,La Pampa,9015.0,57881.0,17817.0,14.479,1.295,100487.0,12.99,84.28,298.0,313.0,65063.0,7.395,8.737,4.023,10506.0,4.152,100487.0
2021,3,La Rioja,11329.0,54744.0,9444.0,6.613,30.0,82160.0,38.87,77.26,18.0,1.0,5366.0,5.979,23.315,4.868,42613.0,0.0,82160.0
2021,3,Mendoza,91474.0,71247.0,70579.0,21.811,828.0,255939.0,13.37,45.55,36.0,31.0,151871.0,12.64,62.628,7.596,21087.0,50.0,255939.0
2021,3,Misiones,43230.0,89469.0,10969.0,7.198,7.662,158528.0,30.88,45.57,51.0,5.0,41932.0,25.099,26.079,14.792,42291.0,8.279,158528.0
2021,3,Neuquén,29650.0,73794.0,16455.0,19.27,640.0,139809.0,38.34,69.71,112.0,327.0,57441.0,8.566,6.234,3.631,57919.0,5.579,139809.0
2021,3,Río Negro,47934.0,44519.0,18725.0,15.031,18.376,144585.0,25.4,61.97,125.0,557.0,68991.0,3.73,14.88,2.282,34011.0,20.009,144585.0
2021,3,Salta,49212.0,98318.0,36126.0,5.724,6.453,195833.0,31.21,55.96,101.0,20.0,41431.0,70.104,6.962,3.878,67010.0,6.327,195833.0
2021,3,San Juan,40072.0,12922.0,6670.0,11.372,8.447,79483.0,7.04,39.46,18.0,333.0,59873.0,752.0,13.25,338.0,278.0,4.641,79483.0
2021,3,San Luis,8417.0,11884.0,27.0,68.856,28.68,117864.0,21.7,79.87,60.0,0.0,11552.0,2.405,6.491,67.942,22.0,29.392,117864.0
2021,3,Santa Cruz,12347.0,22961.0,6328.0,4.269,3.071,48976.0,7.69,43.75,50.0,0.0,30561.0,8.365,6.799,1.788,678.0,735.0,48976.0
2021,3,Santa Fe,245929.0,443156.0,93412.0,43.447,15.64,841584.0,33.13,75.02,467.0,579.0,193207.0,201.25,83.941,55.08,290793.0,16.267,841584.0
2021,3,Santiago Del Estero,19939.0,85535.0,909.0,6.147,2.928,115458.0,13.35,47.0,123.0,909.0,32752.0,61.838,11.274,801.0,6863.0,898.0,115458.0
2021,3,Tierra Del Fuego,12853.0,36958.0,6.0,16.0,390.0,50223.0,9.52,94.95,17.0,0.0,23723.0,13.397,9.782,1.433,976.0,895.0,50223.0
2021,3,Tucumán,104489.0,53868.0,70964.0,2.408,743.0,232472.0,42.1,54.64,32.0,97.0,39446.0,50.293,21.986,5.3,115154.0,164.0,232472.0
2021,4,Buenos Aires,426325.0,2706506.0,1176024.0,126.887,73.415,4509157.0,60.21,75.66,37.821,11.026,352950.0,331.292,297.296,196.021,3259793.0,22.958,4509157.0
2021,4,Capital Federal,111360.0,1205128.0,60005.0,5.679,29.947,1412119.0,82.95,111.27,563.0,1.695,47133.0,81.899,66.135,66.755,1147939.0,0.0,1412119.0
2021,4,Catamarca,16385.0,13858.0,25100.0,1.512,2.235,59090.0,46.38,55.25,71.0,0.0,6038.0,7.855,9.804,3.262,29827.0,2.233,59090.0
2021,4,Chaco,35548.0,63145.0,34688.0,8.005,2.359,143745.0,42.34,44.05,461.0,112.0,18845.0,22.678,21.937,13.692,58435.0,7.585,143745.0
2021,4,Chubut,46361.0,57412.0,9655.0,28.041,18.839,160308.0,9.08,82.57,126.0,1.294,63698.0,39.568,31.175,5.78,2904.0,15.763,160308.0
2021,4,Corrientes,42523.0,71183.0,10138.0,6.778,5.29,135912.0,35.77,45.51,67.0,645.0,28830.0,26.368,22.922,10.087,39911.0,7.082,135912.0
2021,4,Córdoba,212011.0,487489.0,217214.0,61.277,8.779,986770.0,46.36,84.51,100.0,2.479,184548.0,130.892,76.246,41.198,538700.0,12.607,986770.0
2021,4,Entre Ríos,70459.0,133387.0,23452.0,25.022,12.726,265046.0,33.32,63.16,107.0,3.024,56043.0,49.636,38.295,24.068,77290.0,16.583,265046.0
2021,4,Formosa,17211.0,15111.0,5151.0,16.018,172.0,53663.0,28.76,34.45,84.0,0.0,22908.0,6.983,6.811,1.135,13775.0,1.967,53663.0
2021,4,Jujuy,22330.0,60511.0,24156.0,2.927,3.991,113915.0,27.14,56.92,58.0,175.0,22446.0,16.793,38.134,564.0,33421.0,2.324,113915.0
2021,4,La Pampa,8175.0,58000.0,20192.0,19.286,1.354,107007.0,13.85,89.57,301.0,493.0,64840.0,9.082,12.259,4.821,12184.0,3.027,107007.0
2021,4,La Rioja,10387.0,56651.0,9446.0,6.613,31.0,83128.0,39.7,77.92,18.0,1.0,5018.0,5.437,23.559,5.671,43424.0,0.0,83128.0
2021,4,Mendoza,59842.0,71553.0,109667.0,24.666,1.859,267587.0,22.23,47.51,156.0,1.463,66428.0,30.308,75.214,18.621,75031.0,366.0,267587.0
2021,4,Misiones,41778.0,92068.0,22035.0,7.649,7.602,171132.0,38.9,49.06,51.0,5.0,41916.0,23.554,26.721,15.954,54596.0,8.335,171132.0
2021,4,Neuquén,29175.0,72761.0,23253.0,21.531,746.0,147466.0,40.09,73.3,140.0,940.0,42313.0,13.264,10.515,3.31,69217.0,7.767,147466.0
2021,4,Río Negro,42037.0,44495.0,32212.0,16.558,18.451,153753.0,27.2,65.69,156.0,1.174,38373.0,19.878,31.255,4.13,36142.0,22.645,153753.0
2021,4,Salta,46972.0,99808.0,39555.0,5.882,7.188,199405.0,33.94,56.81,114.0,20.0,40673.0,69.324,6.642,3.535,72622.0,6.475,199405.0
2021,4,San Juan,35868.0,13102.0,11072.0,11.423,8.493,79958.0,11.05,39.59,44.0,1.442,28906.0,10.955,23.978,398.0,9800.0,4.435,79958.0
2021,4,San Luis,8472.0,11064.0,30.0,70.56,28.723,118849.0,20.91,80.3,62.0,264.0,8550.0,4.276,9.107,67.363,9.0,29.218,118849.0
2021,4,Santa Cruz,10790.0,22902.0,10031.0,4.346,417.0,48486.0,8.99,43.05,52.0,297.0,20305.0,11.641,13.054,1.77,876.0,491.0,48486.0
2021,4,Santa Fe,233427.0,444373.0,128856.0,43.556,16.229,866441.0,36.02,77.09,467.0,581.0,169706.0,206.856,85.69,62.349,322015.0,18.777,866441.0
2021,4,Santiago Del Estero,19032.0,86563.0,1088.0,6.256,2.922,115861.0,13.84,47.05,178.0,909.0,31915.0,61.524,12.205,800.0,7537.0,793.0,115861.0
2021,4,Tierra Del Fuego,13317.0,38148.0,426.0,124.0,342.0,52357.0,10.7,98.4,26.0,385.0,13505.0,16.534,16.562,1.748,1017.0,2.58,52357.0
2021,4,Tucumán,97830.0,59022.0,78790.0,2.511,486.0,238639.0,45.15,55.93,39.0,97.0,37321.0,48.736,21.023,5.326,125857.0,240.0,238639.0
2022,1,Buenos Aires,392045.0,2728865.0,1242121.0,125.521,66.872,4555424.0,62.51,76.08,31.591,30.056,313382.0,321.756,290.127,161.183,3381049.0,26.28,4555424.0
2022,1,Capital Federal,102290.0,1217225.0,62308.0,5.784,29.934,1417541.0,88.22,111.8,527.0,5.575,39918.0,77.39,61.053,43.289,1188072.0,1.717,1417541.0
2022,1,Catamarca,14181.0,15517.0,29118.0,1.328,2.234,62378.0,51.22,58.21,71.0,456.0,4386.0,7.009,8.773,3.761,35715.0,2.207,62378.0
2022,1,Chaco,32391.0,64546.0,36662.0,8.164,2.356,144119.0,45.84,44.06,461.0,1.099,16888.0,21.235,20.898,13.012,62946.0,7.58,144119.0
2022,1,Chubut,44133.0,66667.0,9184.0,30.592,21.052,171628.0,13.4,88.05,113.0,1.677,61369.0,31.856,33.08,13.871,14055.0,15.607,171628.0
2022,1,Corrientes,40462.0,79093.0,10875.0,6.774,5.374,142578.0,38.11,47.64,67.0,4.029,24563.0,25.665,27.077,10.452,43631.0,7.094,142578.0
2022,1,Córdoba,195610.0,501799.0,235838.0,60.843,9.713,1003803.0,49.89,85.76,100.0,12.782,165922.0,126.009,73.967,34.892,577027.0,13.104,1003803.0
2022,1,Entre Ríos,67159.0,138986.0,23091.0,26.098,12.592,267926.0,35.59,63.7,107.0,5.745,50075.0,49.62,42.294,21.578,81757.0,16.75,267926.0
2022,1,Formosa,16397.0,15927.0,5146.0,16.876,202.0,54548.0,30.28,34.96,97.0,448.0,24113.0,6.945,6.613,716.0,15028.0,588.0,54548.0
2022,1,Jujuy,21307.0,60616.0,25949.0,4.662,3.975,116509.0,27.69,58.06,58.0,1.761,22141.0,16.321,37.923,576.0,35287.0,2.442,116509.0
2022,1,La Pampa,8003.0,58978.0,21739.0,19.903,1.109,109732.0,14.84,91.66,301.0,2.223,62812.0,9.869,12.044,5.25,14400.0,2.833,109732.0
2022,1,La Rioja,9103.0,59228.0,9546.0,6.395,31.0,84303.0,41.37,78.77,18.0,778.0,3576.0,4.692,23.624,5.645,45970.0,0.0,84303.0
2022,1,Mendoza,49464.0,74145.0,123228.0,26.969,1.379,275185.0,26.2,48.74,114.0,3.355,51230.0,26.407,74.178,21.566,95048.0,3.287,275185.0
2022,1,Misiones,39147.0,91752.0,25178.0,7.807,7.624,171508.0,41.87,49.04,51.0,3.873,35655.0,22.261,26.855,15.854,58610.0,8.349,171508.0
2022,1,Neuquén,28443.0,73200.0,24193.0,23.098,745.0,149679.0,43.05,74.17,137.0,1.123,39856.0,15.623,11.163,2.654,71238.0,7.885,149679.0
2022,1,Río Negro,38662.0,45366.0,38037.0,16.815,18.494,157374.0,31.09,67.04,116.0,1.383,35565.0,18.859,26.926,14.144,37729.0,22.652,157374.0
2022,1,Salta,44714.0,98667.0,40994.0,5.95,7.19,197515.0,36.71,56.11,114.0,1.725,35576.0,68.246,6.313,2.214,76838.0,6.489,197515.0
2022,1,San Juan,34038.0,14449.0,11294.0,20.723,7.674,88178.0,11.99,43.55,26.0,2.269,32356.0,11.914,25.144,2.088,11916.0,2.465,88178.0
2022,1,San Luis,7987.0,11296.0,31.0,71.809,28.721,119844.0,20.95,80.72,61.0,643.0,8287.0,3.837,9.802,68.612,13.0,28.589,119844.0
2022,1,Santa Cruz,10537.0,23420.0,10766.0,3.974,405.0,49102.0,10.89,43.34,51.0,6.898,12710.0,11.502,12.277,2.628,2551.0,485.0,49102.0
2022,1,Santa Fe,213486.0,444609.0,146552.0,45.261,20.571,870479.0,38.89,77.3,468.0,12.435,143796.0,208.361,84.787,58.018,344170.0,18.444,870479.0
2022,1,Santiago Del Estero,18118.0,87979.0,1093.0,6.349,2.922,116461.0,14.5,47.17,178.0,1.401,30220.0,61.17,13.542,849.0,8309.0,792.0,116461.0
2022,1,Tierra Del Fuego,13031.0,38700.0,416.0,124.0,340.0,52611.0,10.73,98.29,24.0,894.0,12849.0,15.64,18.034,1.767,982.0,2.421,52611.0
2022,1,Tucumán,92532.0,62396.0,86174.0,3.995,487.0,245584.0,47.24,57.39,39.0,2.212,36028.0,46.961,21.014,5.211,133846.0,273.0,245584.0
2022,2,Buenos Aires,350652.0,2719613.0,1399043.0,126.847,71.028,4667183.0,65.5,77.58,30.639,28.323,295238.0,307.554,273.954,129.869,3535757.0,65.849,4667183.0
2022,2,Capital Federal,145491.0,1232226.0,121506.0,5.757,31.791,1536771.0,93.97,121.31,517.0,5.98,36036.0,72.434,55.372,31.571,1229254.0,105.607,1536771.0
2022,2,Catamarca,11928.0,9430.0,42087.0,1.329,2.234,67008.0,56.56,62.4,71.0,413.0,3678.0,6.155,7.165,3.393,43926.0,2.207,67008.0
2022,2,Chaco,29552.0,61284.0,42194.0,8.178,2.356,143564.0,50.61,43.79,461.0,1.047,17603.0,20.109,8.391,15.974,76271.0,3.708,143564.0
2022,2,Chubut,45377.0,69242.0,9574.0,29.784,8.828,162805.0,14.91,83.19,109.0,1.444,45804.0,31.217,34.29,14.526,15394.0,20.021,162805.0
2022,2,Corrientes,38468.0,75769.0,18181.0,7.256,5.323,144997.0,43.31,48.35,67.0,3.937,24253.0,24.842,8.001,21.719,55071.0,7.107,144997.0
2022,2,Córdoba,179181.0,467595.0,308895.0,61.107,9.657,1026435.0,53.51,87.48,99.0,11.971,160486.0,120.485,71.923,28.645,619400.0,13.426,1026435.0
2022,2,Entre Ríos,63794.0,131029.0,35839.0,26.098,12.592,269352.0,40.03,63.9,107.0,5.656,48637.0,48.557,18.512,32.355,98769.0,16.759,269352.0
2022,2,Formosa,15397.0,25487.0,9875.0,16.91,212.0,67881.0,28.47,43.42,97.0,407.0,23834.0,19.706,6.33,591.0,16326.0,590.0,67881.0
2022,2,Jujuy,20303.0,54495.0,34184.0,3.955,2.377,115314.0,29.39,57.32,58.0,1.829,19458.0,15.79,37.786,549.0,37391.0,2.453,115314.0
2022,2,La Pampa,7796.0,59273.0,22994.0,20.2,1.264,111527.0,16.07,92.98,68.0,1.887,62546.0,9.842,11.8,5.247,17125.0,3.012,111527.0
2022,2,La Rioja,7759.0,52656.0,19189.0,6.395,31.0,86030.0,43.28,80.14,18.0,728.0,3179.0,3.89,23.814,5.481,48920.0,0.0,86030.0
2022,2,Mendoza,37663.0,77504.0,135504.0,26.964,1.927,279562.0,29.72,49.39,103.0,2.954,44961.0,22.557,64.138,19.543,121366.0,3.94,279562.0
2022,2,Misiones,37208.0,89260.0,33649.0,11.074,7.622,178813.0,46.23,51.0,51.0,3.808,37254.0,21.712,12.774,19.757,75107.0,8.35,178813.0
2022,2,Neuquén,29749.0,74905.0,28824.0,27.371,1.119,161968.0,46.53,80.02,134.0,999.0,38826.0,15.066,9.205,2.039,76982.0,18.717,161968.0
2022,2,Río Negro,36050.0,47040.0,40946.0,16.76,18.968,159764.0,33.26,67.85,111.0,1.227,33364.0,17.938,27.168,13.714,41972.0,24.27,159764.0
2022,2,Salta,42665.0,96178.0,47076.0,10.068,7.19,203177.0,38.77,57.54,114.0,1.53,33732.0,72.661,6.012,1.156,81478.0,6.494,203177.0
2022,2,San Juan,38570.0,19734.0,12328.0,21.859,7.916,100407.0,14.44,49.46,24.0,2.027,30385.0,11.276,24.649,3.728,16701.0,11.617,100407.0
2022,2,San Luis,6860.0,29034.0,248.0,70.614,14.985,121741.0,19.32,81.76,60.0,306.0,6840.0,21.217,11.052,67.438,13.0,14.815,121741.0
2022,2,Santa Cruz,10170.0,23725.0,10815.0,3.896,579.0,49185.0,11.81,43.15,52.0,6.841,12348.0,11.369,11.885,2.454,3592.0,644.0,49185.0
2022,2,Santa Fe,198492.0,428233.0,189503.0,43.081,19.55,878859.0,42.01,77.9,468.0,11.757,138534.0,204.381,74.133,58.114,373888.0,17.584,878859.0
2022,2,Santiago Del Estero,16561.0,80338.0,11605.0,6.618,2.922,118044.0,16.34,47.7,178.0,1.401,29581.0,59.931,14.606,883.0,10672.0,792.0,118044.0
2022,2,Tierra Del Fuego,12754.0,39837.0,403.0,125.0,651.0,53770.0,10.97,99.86,22.0,831.0,12052.0,14.828,19.968,1.712,1006.0,3.351,53770.0
2022,2,Tucumán,85893.0,15327.0,148823.0,3.997,487.0,254527.0,50.09,59.31,39.0,2.195,34461.0,43.513,23.634,4.863,145541.0,281.0,254527.0
2022,3,Buenos Aires,339648.0,2748325.0,1436433.0,126.846,70.416,4721668.0,70.19,78.11,29.985,27.709,290315.0,297.915,267.044,124.19,3618689.0,65.821,4721668.0
2022,3,Capital Federal,140791.0,1240125.0,129218.0,5.758,31.787,1547679.0,101.05,122.28,517.0,5.742,34371.0,67.829,51.946,28.692,1253105.0,105.477,1547679.0
2022,3,Catamarca,10010.0,10495.0,46224.0,1.329,2.235,70293.0,60.99,65.33,71.0,384.0,3107.0,5.389,5.099,3.737,50298.0,2.208,70293.0
2022,3,Chaco,27164.0,61800.0,44645.0,8.178,2.359,144146.0,53.21,43.86,461.0,987.0,16782.0,18.938,8.049,15.828,79390.0,3.711,144146.0
2022,3,Chubut,45377.0,72212.0,9574.0,29.784,8.831,165778.0,15.57,84.38,109.0,1.444,45707.0,30.94,34.682,15.309,17563.0,20.024,165778.0
2022,3,Corrientes,36508.0,77140.0,18619.0,7.256,5.323,144846.0,45.07,48.21,67.0,3.865,23427.0,23.948,7.776,21.706,56950.0,7.107,144846.0
2022,3,Córdoba,163770.0,465461.0,338570.0,61.07,9.797,1038668.0,56.32,88.31,99.0,11.312,153324.0,111.615,70.989,27.112,650344.0,13.873,1038668.0
2022,3,Entre Ríos,60345.0,132952.0,36971.0,26.098,12.593,268959.0,42.49,63.67,107.0,5.549,47210.0,46.855,18.263,32.021,102195.0,16.759,268959.0
2022,3,Formosa,14470.0,25880.0,11041.0,16.935,212.0,68538.0,30.35,43.76,97.0,307.0,23538.0,19.545,6.194,564.0,17704.0,589.0,68538.0
2022,3,Jujuy,19257.0,52978.0,40172.0,4.033,2.383,118823.0,32.43,58.91,58.0,1.879,19135.0,15.254,36.083,519.0,45895.0,0.0,118823.0
2022,3,La Pampa,7796.0,60078.0,23551.0,20.216,4.451,116092.0,18.1,96.59,68.0,1.887,61540.0,9.653,11.592,5.609,22731.0,3.012,116092.0
2022,3,La Rioja,6842.0,53899.0,19697.0,6.395,31.0,86864.0,44.3,80.66,18.0,689.0,2842.0,3.375,24.219,5.331,50390.0,0.0,86864.0
2022,3,Mendoza,37659.0,78858.0,142615.0,27.625,2.766,289523.0,34.16,51.03,103.0,2.953,44232.0,21.977,48.201,17.243,150043.0,4.771,289523.0
2022,3,Misiones,35513.0,88902.0,39046.0,11.074,7.622,182157.0,49.3,51.82,51.0,3.749,36628.0,20.758,12.676,19.615,80330.0,8.35,182157.0
2022,3,Neuquén,29352.0,75815.0,29396.0,27.482,1.116,163161.0,47.81,80.37,134.0,991.0,38485.0,14.08,9.2,6.7,78713.0,14.858,163161.0
2022,3,Río Negro,35552.0,48260.0,41017.0,16.76,18.969,160558.0,34.13,67.98,111.0,1.221,32936.0,17.86,27.934,13.629,42596.0,24.271,160558.0
2022,3,Salta,40006.0,96984.0,50254.0,10.082,7.215,204541.0,41.33,57.76,114.0,1.49,32923.0,71.199,5.662,1.001,85661.0,6.491,204541.0
2022,3,San Juan,38570.0,22723.0,12328.0,21.86,7.918,103399.0,15.84,50.8,24.0,2.027,30324.0,11.247,22.157,6.78,19221.0,11.619,103399.0
2022,3,San Luis,6860.0,29363.0,248.0,70.614,14.985,122070.0,19.33,81.74,60.0,307.0,6563.0,20.813,12.061,67.438,13.0,14.815,122070.0
2022,3,Santa Cruz,10170.0,24047.0,10815.0,3.896,582.0,49510.0,12.6,43.19,52.0,6.841,12342.0,11.313,11.378,2.333,4604.0,647.0,49510.0
2022,3,Santa Fe,183740.0,426255.0,215189.0,43.079,19.547,887810.0,45.15,78.55,468.0,11.132,132709.0,198.588,70.897,57.455,396352.0,20.209,887810.0
2022,3,Santiago Del Estero,15385.0,80937.0,13170.0,6.618,2.922,119032.0,17.69,47.98,178.0,1.384,28357.0,58.982,16.087,910.0,12342.0,792.0,119032.0
2022,3,Tierra Del Fuego,12754.0,39963.0,403.0,125.0,651.0,53896.0,11.01,99.51,22.0,831.0,12002.0,14.815,20.102,1.752,1021.0,3.351,53896.0
2022,3,Tucumán,77738.0,18518.0,162345.0,3.997,519.0,263117.0,53.36,61.14,39.0,2.047,32571.0,39.018,25.214,4.348,159600.0,280.0,263117.0
2022,4,Buenos Aires,325908.0,2767247.0,1499149.0,129.91,72.451,4794665.0,111.0,78.94,28.934,23.347,259866.0,281.55,244.555,98.67,3760109.0,97.634,4794665.0
2022,4,Capital Federal,138753.0,1238196.0,138548.0,4.603,31.826,1551926.0,182.86,122.73,516.0,5.096,31320.0,64.653,36.336,8.116,1299117.0,106.772,1551926.0
2022,4,Catamarca,8952.0,10998.0,47337.0,1.379,2.243,70909.0,83.33,65.77,71.0,315.0,2716.0,5.028,4.638,3.122,52739.0,2.28,70909.0
2022,4,Chaco,24582.0,61265.0,47285.0,7.957,2.574,143663.0,104.02,43.62,461.0,771.0,16067.0,17.846,6.704,3.039,94866.0,3.909,143663.0
2022,4,Chubut,45450.0,73923.0,9815.0,30.721,8.85,168759.0,15.92,85.57,109.0,1.614,46457.0,31.007,34.728,15.77,19048.0,20.026,168759.0
2022,4,Corrientes,34038.0,80283.0,26752.0,9.082,5.298,155453.0,94.72,51.64,67.0,3.282,22647.0,24.858,7.025,3.77,85806.0,7.998,155453.0
2022,4,Córdoba,152265.0,456947.0,367393.0,61.631,11.424,1049660.0,108.77,89.03,99.0,9.929,143686.0,108.195,63.12,20.691,686330.0,17.61,1049660.0
2022,4,Entre Ríos,55507.0,135746.0,40798.0,26.414,12.509,270974.0,87.47,64.01,107.0,4.722,45629.0,46.7,20.927,22.483,130406.0,0.0,270974.0
2022,4,Formosa,13735.0,17068.0,13118.0,17.692,227.0,61840.0,72.03,39.41,84.0,245.0,22458.0,12.391,6.724,310.0,18930.0,698.0,61840.0
2022,4,Jujuy,17880.0,52390.0,42626.0,4.067,1.255,118218.0,39.32,58.46,58.0,1.763,18652.0,14.07,36.43,335.0,46910.0,0.0,118218.0
2022,4,La Pampa,7785.0,60566.0,24552.0,19.995,1.266,114164.0,19.1,94.8,68.0,1.687,52618.0,10.334,9.167,4.479,19783.0,16.028,114164.0
2022,4,La Rioja,6120.0,54387.0,19328.0,6.395,32.0,86262.0,61.0,79.86,18.0,595.0,2531.0,3.01,24.435,5.029,50644.0,0.0,86262.0
2022,4,Mendoza,37655.0,77814.0,147080.0,27.607,1.948,292104.0,38.76,51.36,103.0,2.954,35541.0,20.355,35.935,14.909,161163.0,21.144,292104.0
2022,4,Misiones,33204.0,87202.0,46885.0,11.075,7.903,186269.0,91.24,52.85,51.0,3.51,35622.0,21.373,12.196,3.182,101745.0,8.59,186269.0
2022,4,Neuquén,28609.0,72679.0,31567.0,23.815,3.51,160180.0,95.37,78.67,168.0,994.0,38814.0,13.96,13.008,5.739,85247.0,2.25,160180.0
2022,4,Río Negro,34043.0,48401.0,43958.0,16.277,19.413,162092.0,75.31,68.42,111.0,1.081,32053.0,13.931,20.442,7.335,57495.0,29.644,162092.0
2022,4,Salta,36939.0,97023.0,53470.0,11.884,6.544,205860.0,75.93,57.96,114.0,1.197,31530.0,71.105,5.036,117.0,90014.0,6.747,205860.0
2022,4,San Juan,38570.0,22913.0,12491.0,21.912,7.94,103826.0,16.39,50.88,24.0,2.027,30069.0,11.247,20.44,8.188,19991.0,11.84,103826.0
2022,4,San Luis,6283.0,43460.0,3409.0,81.557,511.0,135220.0,30.67,90.27,60.0,624.0,11785.0,24.684,13.981,78.506,2227.0,3.353,135220.0
2022,4,Santa Cruz,9702.0,23876.0,12217.0,3.746,662.0,50203.0,14.33,43.53,51.0,6.81,11616.0,11.509,10.374,3.236,5559.0,1.048,50203.0
2022,4,Santa Fe,163621.0,412157.0,248558.0,44.113,19.242,887691.0,90.3,78.4,468.0,9.374,115767.0,194.42,73.345,22.899,453078.0,18.34,887691.0
2022,4,Santiago Del Estero,13577.0,80955.0,15117.0,6.911,2.934,119494.0,34.4,48.05,178.0,1.267,26183.0,58.136,17.735,661.0,14345.0,989.0,119494.0
2022,4,Tierra Del Fuego,12754.0,41293.0,405.0,157.0,651.0,55260.0,13.48,101.44,22.0,902.0,11649.0,13.634,21.365,3.612,1812.0,2.264,55260.0
2022,4,Tucumán,69441.0,20668.0,168717.0,4.069,527.0,263422.0,88.33,61.04,39.0,1.562,29996.0,35.425,26.369,1.375,153538.0,15.118,263422.0
2023,1,Buenos Aires,304583.0,2761043.0,1551074.0,132.458,71.77,4820928.0,116.18,79.0,28.615,25.137,249864.0,264.388,241.923,104.495,3810940.0,95.566,4820928.0
2023,1,Capital Federal,132149.0,1223930.0,156222.0,4.605,31.823,1548729.0,188.65,122.59,516.0,4.5,28668.0,60.061,34.974,7.859,1305284.0,106.867,1548729.0
2023,1,Catamarca,6980.0,10655.0,50230.0,1.384,2.243,71492.0,87.41,66.17,71.0,221.0,2192.0,4.352,3.794,2.607,55944.0,2.311,71492.0
2023,1,Chaco,21243.0,60727.0,49756.0,8.142,2.574,142442.0,104.33,43.15,236.0,544.0,15113.0,15.19,7.729,3.02,96663.0,3.947,142442.0
2023,1,Chubut,45448.0,73525.0,9815.0,30.521,10.744,170053.0,18.36,85.89,109.0,1.598,45794.0,30.947,25.072,17.7,28259.0,20.574,170053.0
2023,1,Corrientes,29577.0,81116.0,30016.0,11.071,5.24,157020.0,94.8,52.05,67.0,3.074,22517.0,23.42,6.349,4.601,88008.0,8.984,157020.0
2023,1,Córdoba,136976.0,455139.0,386297.0,61.066,10.494,1049972.0,109.57,88.84,99.0,8.844,131774.0,103.063,57.176,24.96,690566.0,33.49,1049972.0
2023,1,Entre Ríos,51084.0,141699.0,44508.0,26.415,11.172,274878.0,86.71,64.79,107.0,4.525,41215.0,51.664,20.667,22.68,134020.0,0.0,274878.0
2023,1,Formosa,12502.0,17421.0,13345.0,17.49,227.0,60985.0,73.96,38.79,84.0,192.0,22016.0,11.922,6.229,273.0,19567.0,702.0,60985.0
2023,1,Jujuy,15306.0,51082.0,46271.0,4.067,1.255,117981.0,42.75,58.2,58.0,1.598,16842.0,12.856,29.386,306.0,54859.0,2.076,117981.0
2023,1,La Pampa,7049.0,59944.0,28126.0,20.103,1.282,116504.0,20.09,96.55,68.0,1.399,50313.0,11.51,10.525,4.423,21308.0,16.958,116504.0
2023,1,La Rioja,4652.0,54604.0,20722.0,6.395,32.0,86405.0,63.13,79.74,18.0,502.0,1892.0,2.47,24.551,4.949,52023.0,0.0,86405.0
2023,1,Mendoza,37646.0,73678.0,152534.0,27.592,1.569,293019.0,41.45,51.4,103.0,2.945,32767.0,20.813,30.657,15.046,169502.0,21.186,293019.0
2023,1,Misiones,30455.0,82834.0,56619.0,12.896,7.881,190685.0,89.81,53.97,51.0,3.448,34762.0,21.817,11.881,3.881,106601.0,8.244,190685.0
2023,1,Neuquén,28030.0,72639.0,32296.0,23.937,3.51,160412.0,93.42,78.55,168.0,986.0,38414.0,13.933,13.192,6.195,85257.0,2.267,160412.0
2023,1,Río Negro,33604.0,49128.0,45329.0,16.857,19.413,164331.0,74.4,69.16,111.0,1.076,29515.0,15.171,18.697,12.079,57910.0,29.772,164331.0
2023,1,Salta,33427.0,96922.0,56259.0,12.269,6.549,205426.0,76.85,57.67,114.0,1.096,30564.0,69.436,4.822,104.0,92512.0,6.778,205426.0
2023,1,San Juan,38568.0,21215.0,12798.0,21.912,7.274,101767.0,18.7,49.75,24.0,2.02,30051.0,11.221,14.799,10.268,21544.0,11.84,101767.0
2023,1,San Luis,6283.0,42789.0,6952.0,78.954,485.0,135463.0,55.85,90.17,60.0,624.0,11680.0,24.133,13.659,75.904,6050.0,3.353,135463.0
2023,1,Santa Cruz,9702.0,23839.0,12217.0,3.66,943.0,50361.0,14.98,43.42,51.0,6.81,11528.0,11.38,9.861,3.697,5990.0,1.044,50361.0
2023,1,Santa Fe,138935.0,405618.0,283988.0,43.487,14.246,886274.0,92.22,78.13,468.0,7.655,98198.0,180.708,75.061,26.306,479777.0,18.101,886274.0
2023,1,Santiago Del Estero,11642.0,80407.0,16656.0,6.916,2.934,118555.0,36.27,47.55,178.0,1.186,21551.0,57.189,21.277,734.0,15447.0,993.0,118555.0
2023,1,Tierra Del Fuego,12754.0,43146.0,405.0,157.0,651.0,57113.0,14.58,104.23,22.0,831.0,10944.0,13.048,21.348,3.959,2386.0,4.575,57113.0
2023,1,Tucumán,55822.0,19482.0,180976.0,4.293,527.0,261100.0,95.79,60.34,39.0,1.237,23379.0,29.629,25.565,1.723,164402.0,15.126,261100.0
2023,2,Buenos Aires,265537.0,2766463.0,1645945.0,138.405,69.138,4885488.0,138.35,79.67,28.007,24.674,246067.0,253.078,245.505,107.502,3883235.0,97.42,4885488.0
2023,2,Capital Federal,68348.0,1218631.0,136295.0,4.504,29.9,1457678.0,208.01,115.48,516.0,4.422,27827.0,54.111,34.364,6.189,1330249.0,0.0,1457678.0
2023,2,Catamarca,7637.0,10700.0,53177.0,1.384,92.0,72990.0,86.13,67.42,71.0,226.0,3329.0,4.076,4.788,2.285,58048.0,167.0,72990.0
2023,2,Chaco,19115.0,59944.0,51955.0,8.267,2.574,141855.0,105.45,42.87,236.0,475.0,14630.0,14.176,7.446,3.008,97897.0,3.987,141855.0
2023,2,Chubut,33702.0,73689.0,16111.0,30.521,9.938,163961.0,18.58,82.49,109.0,1.467,45798.0,31.021,24.75,17.708,28859.0,14.249,163961.0
2023,2,Corrientes,26821.0,82977.0,32834.0,10.407,5.255,158294.0,97.21,52.37,67.0,2.945,21781.0,22.144,5.937,4.593,93048.0,7.779,158294.0
2023,2,Córdoba,129303.0,453924.0,411703.0,62.391,10.43,1067751.0,111.82,90.13,99.0,8.627,126496.0,99.026,52.24,25.144,712647.0,43.472,1067751.0
2023,2,Entre Ríos,46503.0,142562.0,49251.0,24.461,11.17,273947.0,89.37,64.43,107.0,4.377,39693.0,49.24,20.231,22.661,137638.0,0.0,273947.0
2023,2,Formosa,11934.0,17678.0,13698.0,16.813,227.0,60350.0,77.32,38.32,84.0,186.0,21944.0,11.825,5.202,300.0,20428.0,381.0,60350.0
2023,2,Jujuy,13749.0,51082.0,47289.0,4.067,1.255,117442.0,43.56,57.78,58.0,1.44,16174.0,12.344,29.181,300.0,55867.0,2.078,117442.0
2023,2,La Pampa,7254.0,59101.0,31449.0,19.993,1.113,118910.0,22.78,98.35,68.0,1.365,48635.0,18.475,14.999,4.266,29134.0,1.968,118910.0
2023,2,La Rioja,4152.0,55148.0,21245.0,6.395,32.0,86972.0,63.55,80.01,18.0,454.0,1719.0,2.236,24.737,4.888,52920.0,0.0,86972.0
2023,2,Mendoza,25299.0,71931.0,171857.0,27.609,980.0,297676.0,42.69,52.09,103.0,2.945,36286.0,20.985,33.217,12.649,176628.0,14.863,297676.0
2023,2,Misiones,28897.0,82058.0,64406.0,12.927,7.183,195471.0,90.55,55.18,51.0,3.247,34144.0,22.649,12.055,3.862,110815.0,8.648,195471.0
2023,2,Neuquén,26379.0,73040.0,35171.0,24.046,3.11,161746.0,93.97,78.97,168.0,984.0,38006.0,13.946,13.275,6.649,85749.0,2.969,161746.0
2023,2,Río Negro,26390.0,49684.0,53325.0,16.864,17.116,163379.0,70.76,68.56,111.0,1.07,29535.0,15.05,20.561,22.752,58834.0,15.466,163379.0
2023,2,Salta,30666.0,97501.0,58275.0,12.337,6.549,205328.0,79.1,57.48,114.0,1.042,29687.0,67.966,4.523,94.0,95063.0,6.839,205328.0
2023,2,San Juan,21483.0,20200.0,25217.0,23.545,7.004,97449.0,20.39,47.52,24.0,2.02,21766.0,12.81,13.276,10.042,21369.0,16.142,97449.0
2023,2,San Luis,4937.0,41949.0,15595.0,77.96,307.0,140748.0,103.84,93.41,60.0,624.0,11543.0,23.932,12.756,74.914,15090.0,1.829,140748.0
2023,2,Santa Cruz,9019.0,23896.0,11269.0,3.66,758.0,48602.0,15.48,41.66,49.0,6.72,10609.0,11.253,9.733,3.667,6315.0,256.0,48602.0
2023,2,Santa Fe,126344.0,399669.0,311166.0,44.134,14.501,895814.0,94.87,78.83,468.0,7.021,89275.0,172.672,71.957,24.123,499408.0,30.89,895814.0
2023,2,Santiago Del Estero,10629.0,80086.0,17244.0,6.916,2.934,117809.0,37.62,47.14,178.0,1.152,16847.0,55.281,26.52,766.0,16066.0,999.0,117809.0
2023,2,Tierra Del Fuego,12392.0,45224.0,525.0,157.0,337.0,58635.0,16.92,106.38,22.0,831.0,10556.0,12.748,20.962,4.707,3901.0,4.908,58635.0
2023,2,Tucumán,50019.0,20012.0,188986.0,4.06,525.0,263602.0,96.69,60.75,39.0,1.091,21163.0,27.206,25.91,1.661,185887.0,645.0,263602.0
2023,3,Buenos Aires,237705.0,2784175.0,1740239.0,137.921,68.197,4968237.0,146.84,80.64,27.44,24.82,242010.0,241.31,246.076,112.159,3951660.0,122.762,4968237.0
2023,3,Capital Federal,60765.0,1205339.0,167428.0,4.629,29.823,1467984.0,218.13,116.4,516.0,4.69,28089.0,50.899,34.061,6.02,1343709.0,0.0,1467984.0
2023,3,Catamarca,7164.0,11066.0,54650.0,1.384,91.0,74355.0,87.9,68.55,71.0,224.0,3194.0,3.893,4.634,2.124,60123.0,92.0,74355.0
2023,3,Chaco,16420.0,60058.0,54993.0,8.267,2.408,142146.0,107.5,42.87,236.0,462.0,14076.0,12.874,6.895,2.97,100544.0,4.089,142146.0
2023,3,Chubut,26352.0,75460.0,25827.0,30.521,9.908,168068.0,19.26,84.23,111.0,1.47,44434.0,30.908,24.394,19.608,30565.0,16.578,168068.0
2023,3,Corrientes,24253.0,83897.0,36032.0,10.407,5.24,159829.0,99.64,52.78,67.0,2.985,20810.0,20.906,5.494,4.577,97014.0,7.976,159829.0
2023,3,Córdoba,125050.0,453994.0,417338.0,62.514,10.438,1069334.0,111.5,90.05,99.0,8.691,126420.0,96.257,52.428,26.058,742447.0,16.934,1069334.0
2023,3,Entre Ríos,45384.0,157464.0,54794.0,24.481,11.17,293293.0,96.26,68.84,107.0,4.51,38962.0,49.979,20.312,22.941,156482.0,0.0,293293.0
2023,3,Formosa,11230.0,18053.0,14904.0,16.899,228.0,61314.0,80.29,38.86,85.0,208.0,21919.0,11.697,5.045,274.0,21727.0,359.0,61314.0
2023,3,Jujuy,12627.0,51082.0,48350.0,4.067,1.251,117377.0,44.55,57.61,58.0,1.436,15685.0,11.983,28.956,288.0,56943.0,2.028,117377.0
2023,3,La Pampa,6844.0,59063.0,32891.0,20.014,1.109,119921.0,24.21,99.0,71.0,1.358,47914.0,18.238,14.676,4.081,31970.0,1.613,119921.0
2023,3,La Rioja,3726.0,55494.0,22054.0,6.395,32.0,87701.0,63.84,80.44,18.0,459.0,1617.0,1.989,24.847,4.798,53973.0,0.0,87701.0
2023,3,Mendoza,17677.0,73066.0,178719.0,27.609,951.0,298022.0,46.96,52.03,104.0,2.948,36236.0,20.942,30.636,8.032,193600.0,5.524,298022.0
2023,3,Misiones,27934.0,79087.0,70003.0,12.928,7.183,197135.0,91.49,55.51,51.0,3.302,32953.0,22.315,11.9,3.862,113860.0,8.892,197135.0
2023,3,Neuquén,24527.0,73329.0,39243.0,24.085,3.089,164273.0,96.57,79.97,170.0,981.0,37758.0,13.937,11.582,2.377,84209.0,13.259,164273.0
2023,3,Río Negro,22422.0,50429.0,56668.0,16.864,17.102,163485.0,70.93,68.4,112.0,1.061,29201.0,15.014,21.182,22.752,59206.0,14.957,163485.0
2023,3,Salta,29113.0,98324.0,59914.0,12.337,6.545,206233.0,80.8,57.57,115.0,1.19,29305.0,67.06,4.059,78.0,97627.0,6.799,206233.0
2023,3,San Juan,12669.0,19376.0,42383.0,22.317,6.985,103730.0,24.45,50.45,24.0,2.021,21090.0,12.882,12.564,1.44,31081.0,22.628,103730.0
2023,3,San Luis,4037.0,41624.0,24525.0,78.431,299.0,148916.0,104.97,98.55,60.0,628.0,11398.0,23.818,10.926,74.914,18688.0,8.484,148916.0
2023,3,Santa Cruz,8376.0,23931.0,11270.0,3.66,750.0,47987.0,15.67,40.89,50.0,6.722,10612.0,10.853,9.565,3.643,6542.0,0.0,47987.0
2023,3,Santa Fe,108503.0,397854.0,336013.0,44.545,13.437,900352.0,97.39,79.09,468.0,7.174,85897.0,168.711,65.489,20.333,534474.0,17.806,900352.0
2023,3,Santiago Del Estero,9412.0,80919.0,21745.0,6.916,2.936,121928.0,41.46,48.67,180.0,1.199,15100.0,54.503,28.456,806.0,20734.0,950.0,121928.0
2023,3,Tierra Del Fuego,9357.0,45203.0,3682.0,157.0,332.0,58731.0,17.17,105.95,22.0,834.0,10550.0,12.731,20.384,5.15,4040.0,5.02,58731.0
2023,3,Tucumán,46348.0,20545.0,195053.0,4.088,523.0,266557.0,98.85,61.26,39.0,1.236,20378.0,25.026,25.523,1.633,192051.0,671.0,266557.0
2023,4,Buenos Aires,223391.0,2797700.0,1784593.0,137.993,67.943,5011620.0,158.49,80.96,,,,,,,,,
2023,4,Capital Federal,58700.0,1198835.0,182520.0,4.492,29.82,1474367.0,234.44,117.02,,,,,,,,,
2023,4,Catamarca,6669.0,11016.0,55437.0,1.384,81.0,74587.0,89.4,68.63,,,,,,,,,
2023,4,Chaco,14000.0,60277.0,62301.0,8.404,2.404,147386.0,107.14,44.35,,,,,,,,,
2023,4,Chubut,26306.0,77217.0,26174.0,30.543,9.93,170170.0,20.29,84.96,,,,,,,,,
2023,4,Corrientes,21769.0,86102.0,35968.0,10.402,5.231,159472.0,100.9,52.56,,,,,,,,,
2023,4,Córdoba,115662.0,452380.0,440536.0,61.862,8.862,1079302.0,114.03,90.67,,,,,,,,,
2023,4,Entre Ríos,41794.0,159575.0,61667.0,24.036,11.565,298637.0,101.18,69.94,,,,,,,,,
2023,4,Formosa,10252.0,18325.0,16179.0,17.061,185.0,62002.0,83.35,39.23,,,,,,,,,
2023,4,Jujuy,11669.0,51083.0,49947.0,4.105,1.216,118020.0,46.2,57.78,,,,,,,,,
2023,4,La Pampa,6844.0,59063.0,34331.0,19.982,1.106,121326.0,25.61,99.96,,,,,,,,,
2023,4,La Rioja,3296.0,55441.0,22559.0,6.395,30.0,87721.0,64.18,80.22,,,,,,,,,
2023,4,Mendoza,17676.0,70920.0,182220.0,27.609,926.0,299351.0,49.46,52.15,,,,,,,,,
2023,4,Misiones,25840.0,79000.0,75382.0,12.928,7.183,200333.0,93.65,56.27,,,,,,,,,
2023,4,Neuquén,24122.0,73784.0,41583.0,24.39,748.0,164627.0,99.63,79.91,,,,,,,,,
2023,4,Río Negro,21192.0,49789.0,64323.0,17.284,15.829,168417.0,74.37,70.26,,,,,,,,,
2023,4,Salta,26765.0,98853.0,60800.0,11.806,6.508,204732.0,83.04,56.98,,,,,,,,,
2023,4,San Juan,12669.0,18543.0,42691.0,22.351,6.956,103210.0,24.78,50.08,,,,,,,,,
2023,4,San Luis,4037.0,41260.0,30135.0,78.954,299.0,154685.0,174.59,102.07,,,,,,,,,
2023,4,Santa Cruz,7768.0,15669.0,55246.0,7.687,661.0,87031.0,36.77,73.75,,,,,,,,,
2023,4,Santa Fe,97004.0,398670.0,355762.0,44.521,13.544,909501.0,99.81,79.75,,,,,,,,,
2023,4,Santiago Del Estero,8290.0,80692.0,24271.0,7.057,2.92,123230.0,44.22,49.08,,,,,,,,,
2023,4,Tierra Del Fuego,9357.0,48071.0,3682.0,157.0,332.0,61599.0,17.92,110.49,,,,,,,,,
2023,4,Tucumán,41318.0,20267.0,199876.0,4.357,517.0,266335.0,101.55,61.04,,,,,,,,,
2024,1,Buenos Aires,203297.0,2790663.0,1799013.0,150.29,101.294,5044557.0,159.13,81.1,26.002,22.51,221185.0,233.225,241.778,106.418,4068292.0,125.147,5044557.0
2024,1,Capital Federal,70108.0,1177475.0,203756.0,4.493,48.879,1504711.0,229.94,119.53,516.0,5.418,29753.0,51.415,37.369,5.957,1374283.0,0.0,1504711.0
2024,1,Catamarca,5901.0,11025.0,56542.0,1.384,81.0,74933.0,91.45,68.82,71.0,176.0,2872.0,3.424,4.204,1.822,62294.0,70.0,74933.0
2024,1,Chaco,11343.0,58929.0,64463.0,8.404,12.404,155543.0,107.51,46.7,236.0,416.0,14156.0,9.044,5.533,5.718,116624.0,3.816,155543.0
2024,1,Chubut,26306.0,77217.0,26356.0,30.867,9.93,170676.0,20.5,84.89,111.0,1.083,43828.0,31.885,23.024,20.261,33844.0,16.64,170676.0
2024,1,Corrientes,18390.0,85595.0,38268.0,10.409,5.232,157894.0,102.49,51.94,67.0,2.69,18637.0,16.53,7.68,1.996,104052.0,6.242,157894.0
2024,1,Córdoba,102812.0,449784.0,458985.0,61.121,9.497,1082199.0,114.89,90.7,99.0,8.056,110371.0,87.798,47.085,29.939,784141.0,14.71,1082199.0
2024,1,Entre Ríos,36574.0,158283.0,66180.0,23.95,11.565,296552.0,101.36,69.31,107.0,4.29,34574.0,51.447,16.122,7.228,168809.0,13.975,296552.0
2024,1,Formosa,9147.0,18631.0,17908.0,16.851,181.0,62718.0,83.8,39.61,85.0,158.0,22133.0,10.924,4.176,273.0,24667.0,302.0,62718.0
2024,1,Jujuy,10554.0,51093.0,51084.0,4.106,1.216,118053.0,47.52,57.65,58.0,1.268,14964.0,11.283,28.548,276.0,59686.0,1.97,118053.0
2024,1,La Pampa,6844.0,59008.0,35556.0,19.681,1.106,122195.0,26.55,100.49,71.0,1.419,45089.0,17.273,15.221,5.332,36191.0,1.599,122195.0
2024,1,La Rioja,2827.0,55443.0,23086.0,6.396,30.0,87782.0,63.71,80.03,18.0,407.0,1336.0,1.566,24.77,4.71,54975.0,0.0,87782.0
2024,1,Mendoza,17674.0,70932.0,185460.0,27.606,925.0,302597.0,51.85,52.59,104.0,2.945,35893.0,20.9,30.049,7.623,199517.0,5.566,302597.0
2024,1,Misiones,23217.0,77561.0,81498.0,13.378,6.902,202556.0,94.98,56.76,51.0,3.173,26882.0,26.369,9.812,3.638,124105.0,8.526,202556.0
2024,1,Neuquén,24076.0,73298.0,41577.0,24.387,908.0,164246.0,98.16,79.5,136.0,997.0,35382.0,13.482,10.491,2.934,80656.0,20.168,164246.0
2024,1,Río Negro,20841.0,49727.0,66889.0,17.733,15.829,171019.0,75.0,71.14,112.0,1.035,25500.0,17.641,17.191,18.633,75331.0,15.576,171019.0
2024,1,Salta,23858.0,99150.0,61543.0,11.807,6.503,202861.0,84.34,56.3,114.0,926.0,27352.0,64.53,3.192,62.0,100039.0,6.646,202861.0
2024,1,San Juan,12669.0,18543.0,44904.0,23.594,6.956,106666.0,30.58,51.62,24.0,2.021,22045.0,13.03,11.597,1.343,33851.0,22.755,106666.0
2024,1,San Luis,4038.0,41260.0,31539.0,78.954,299.0,156090.0,179.49,102.7,60.0,628.0,11318.0,23.754,8.953,70.855,34554.0,5.968,156090.0
2024,1,Santa Cruz,7768.0,14435.0,49545.0,7.799,661.0,80208.0,31.6,67.58,50.0,427.0,7764.0,9.577,7.182,7.07,14335.0,33.803,80208.0
2024,1,Santa Fe,86548.0,399817.0,374288.0,44.162,13.773,918588.0,100.2,80.4,468.0,6.417,76294.0,153.03,58.595,28.498,579118.0,16.168,918588.0
2024,1,Santiago Del Estero,6644.0,80722.0,27018.0,7.058,2.92,124362.0,44.9,49.41,180.0,1.134,12428.0,53.211,24.281,5.796,26415.0,917.0,124362.0
2024,1,Tierra Del Fuego,9357.0,48005.0,3684.0,177.0,332.0,61555.0,21.54,109.78,22.0,834.0,10169.0,9.674,12.039,15.932,5764.0,7.121,61555.0
2024,1,Tucumán,33682.0,20361.0,205959.0,4.075,518.0,264595.0,103.36,60.48,39.0,927.0,16227.0,19.918,23.263,1.582,202151.0,488.0,264595.0
